imgLink,title,types,vistor,comment,likes
"https://img.zcool.cn/community/031a9undbddyxxvploroqct3232.png?x-oss-process=image/resize,m_fill,w_520,h_390,limit_0/auto-orient,1/sharpen,100",《逃离办公室》,摄影-人像摄影,7 Populary,0 Comments,1 Recommended
"https://img.zcool.cn/community/0154f362729fef0002c3290f5f9d8f.jpg?x-oss-process=image/resize,m_fill,w_520,h_390,limit_0/auto-orient,1/sharpen,100",RIGHT NOW 立刻,UI-其他UI  ,94 Populary,6 Comments,16 Recommended
"https://img.zcool.cn/community/031ptmjyhicunfgf6fa60ol3638.png?x-oss-process=image/resize,m_fill,w_520,h_390,limit_0/auto-orient,1/sharpen,100",讯飞输入法·2021APP改版,UI-软件界面,22 Populary,0 Comments,3 Recommended
"https://img.zcool.cn/community/031q1wt30ubwmqt09nggujc3130.png?x-oss-process=image/resize,m_fill,w_520,h_390,limit_0/auto-orient,1/sharpen,100",元气一下! TeenieWeenie 2022ss x tanners,摄影-人像摄影,63 Populary,0 Comments,4 Recommended
,,,,,
"https://img.zcool.cn/community/031ohrulmqcpc8r8wcqqgcj3532.png?x-oss-process=image/resize,m_fill,w_520,h_390,limit_0/auto-orient,1/sharpen,100",2021-2022作品集,网页-游戏/娱乐,140 Populary,0 Comments,12 Recommended
"https://img.zcool.cn/community/0312xfb2bbllmapremcv5tv3139.png?x-oss-process=image/resize,m_fill,w_520,h_390,limit_0/auto-orient,1/sharpen,100",2022 Design works collection作品集,UI-APP界面,179 Populary,0 Comments,13 Recommended
"https://img.zcool.cn/community/031tp5e2aeubmf499rmmh3j3238.png?x-oss-process=image/resize,m_fill,w_520,h_390,limit_0/auto-orient,1/sharpen,100",ONE PIECE | 索隆,三维-人物/生物,737 Populary,11 Comments,79 Recommended
"https://img.zcool.cn/community/0319mgtvyvdl0fauzj02jqn3335.png?x-oss-process=image/resize,m_fill,w_520,h_390,limit_0/auto-orient,1/sharpen,100",虚幻5 《HOME》CG场景制作,三维-动画/影视,527 Populary,1 Comments,39 Recommended
"https://img.zcool.cn/community/031dv2dy5ta8dg1pwxljlkd3031.png?x-oss-process=image/resize,m_fill,w_520,h_390,limit_0/auto-orient,1/sharpen,100",我的学生时代,三维-其他三维,838 Populary,8 Comments,128 Recommended
"https://img.zcool.cn/community/031h7cjedo8rxi6ofiygoet3530.png?x-oss-process=image/resize,m_fill,w_520,h_390,limit_0/auto-orient,1/sharpen,100",PET潮玩展盒-全案分享,网页-电商,635 Populary,14 Comments,58 Recommended
"https://img.zcool.cn//community/activity_cover/824a6268e20c0002d76516184d50.jpg?x-oss-process=image/resize,m_fill,w_260,h_195,limit_0/auto-orient,1/sharpen,100",火影忍者-创作之火，生生不息,活动-线上活动,共1.6w人气,共20作品,共170推荐
"https://img.zcool.cn/community/031ebctucbxwboponss6tx63438.png?x-oss-process=image/resize,m_fill,w_520,h_390,limit_0/auto-orient,1/sharpen,100",网页版式设计#05,网页-其他网页,772 Populary,16 Comments,98 Recommended
"https://img.zcool.cn/community/031cux2xhaltfqi7ox5e8w13931.png?x-oss-process=image/resize,m_fill,w_520,h_390,limit_0/auto-orient,1/sharpen,100",半青黄,插画-艺术插画,898 Populary,2 Comments,52 Recommended
"https://img.zcool.cn/community/0311cnh5xfu4iry8npenwpc3036.png?x-oss-process=image/resize,m_fill,w_520,h_390,limit_0/auto-orient,1/sharpen,100",三、四月平面项目整理,摄影-人像摄影,2061 Populary,9 Comments,101 Recommended
"https://img.zcool.cn/community/031zpdkrfqlrpira58xksbe3235.png?x-oss-process=image/resize,m_fill,w_520,h_390,limit_0/auto-orient,1/sharpen,100",生育体验,摄影-人像摄影,1709 Populary,8 Comments,74 Recommended
"https://img.zcool.cn/community/031ropxyhpi4if6nvuyqd4t3033.png?x-oss-process=image/resize,m_fill,w_520,h_390,limit_0/auto-orient,1/sharpen,100",暗黑塔罗牌系列（上篇）,插画-新锐潮流插画,1865 Populary,8 Comments,159 Recommended
"https://img.zcool.cn/community/031gustrzfymel92l9u4rqf3936.png?x-oss-process=image/resize,m_fill,w_520,h_390,limit_0/auto-orient,1/sharpen,100",《二尾青.蚀白.游坊主》白中南颜彩-人川集,插画-艺术插画,2310 Populary,5 Comments,124 Recommended
"https://img.zcool.cn/community/0317ar8ymfvmdgf3doaalxi3733.png?x-oss-process=image/resize,m_fill,w_520,h_390,limit_0/auto-orient,1/sharpen,100",新风格插画合集,插画-新锐潮流插画,2347 Populary,10 Comments,169 Recommended
"https://img.zcool.cn/community/031cbk6a3nheny885vk7m863531.png?x-oss-process=image/resize,m_fill,w_520,h_390,limit_0/auto-orient,1/sharpen,100",书法字体设计｜第182回,平面-字体/字形,2551 Populary,12 Comments,129 Recommended
"https://img.zcool.cn/community/031mgajv04ktilmocn86p1c3735.png?x-oss-process=image/resize,m_fill,w_520,h_390,limit_0/auto-orient,1/sharpen,100",字体设计,平面-字体/字形,4473 Populary,58 Comments,229 Recommended
"https://img.zcool.cn//community/activity_cover/dddf626c1dd70002d7651667f2ab.jpg?x-oss-process=image/resize,m_fill,w_260,h_195,limit_0/auto-orient,1/sharpen,100",站酷摄影大赏-五一小长假 九图制霸朋友圈,活动-线上活动,共2510人气,共37作品,共32推荐
"https://img.zcool.cn/community/01157b6270dfd60002c3290f8b9d9f.jpg?x-oss-process=image/resize,m_fill,w_520,h_390,limit_0/auto-orient,1/sharpen,100",《“五一”捉妖图鉴》,动漫-短篇/格漫,6889 Populary,42 Comments,278 Recommended
"https://img.zcool.cn/community/03188c0626fac2c0002c3290fdb5159.jpg?x-oss-process=image/resize,m_fill,w_520,h_390,limit_0/auto-orient,1/sharpen,100",�宝旺竹书,纯艺术-书法,1511 Populary,17 Comments,73 Recommended
"https://img.zcool.cn//community/activity_cover/6c186252b6800002d75f91477b2f.jpg?x-oss-process=image/resize,m_fill,w_260,h_195,limit_0/auto-orient,1/sharpen,100",高手坐堂—左佐带你领略字里风景,活动-线上活动,共2.3w人气,共101作品,共112推荐
"https://img.zcool.cn/community/031nzvr6tetndy3epnwxrwe3439.png?x-oss-process=image/resize,m_fill,w_520,h_390,limit_0/auto-orient,1/sharpen,100",#灵感存储器©️平面作品合集21/22,网页-游戏/娱乐,4479 Populary,26 Comments,247 Recommended
"https://img.zcool.cn/community/031kqribt1v2swsjkqcrjn83931.png?x-oss-process=image/resize,m_fill,w_520,h_390,limit_0/auto-orient,1/sharpen,100",家禽动物园表情居家篇,动漫-网络表情,6257 Populary,18 Comments,270 Recommended
"https://img.zcool.cn/community/031rdgnrdhrppkx2z0jtq6k3736.png?x-oss-process=image/resize,m_fill,w_520,h_390,limit_0/auto-orient,1/sharpen,100",日画1917~1946 房间里的原野幻想,动漫-短篇/格漫,4106 Populary,18 Comments,308 Recommended
"https://img.zcool.cn/community/031yeh1d5ssfkcslrgkksia3837.png?x-oss-process=image/resize,m_fill,w_520,h_390,limit_0/auto-orient,1/sharpen,100",爱你，在每一个不经意的日常里。,动漫-中/长篇漫画,5025 Populary,24 Comments,247 Recommended
"https://img.zcool.cn/community/0193a3626e9e4a0002c4212c4466e9.jpg?x-oss-process=image/resize,m_fill,w_520,h_390,limit_0/auto-orient,1/sharpen,100",非人哉791-792,动漫-短篇/格漫,6517 Populary,25 Comments,217 Recommended
"https://img.zcool.cn/community/031q3xaapjij55kkokkifj33337.png?x-oss-process=image/resize,m_fill,w_520,h_390,limit_0/auto-orient,1/sharpen,100",花吱app设计,UI-APP界面,6239 Populary,21 Comments,221 Recommended
"https://img.zcool.cn/community/031m54tvdkaaveggovn6ack3238.png?x-oss-process=image/resize,m_fill,w_520,h_390,limit_0/auto-orient,1/sharpen,100",星际猎手II - 数字衍生NFT作品,UI-其他UI  ,6528 Populary,42 Comments,408 Recommended
"https://img.zcool.cn/community/0316uv648ha43glaf8wg7vo3532.png?x-oss-process=image/resize,m_fill,w_520,h_390,limit_0/auto-orient,1/sharpen,100",LifeAfter × moge.tv | 明日之后第四季预热悬念CG ,三维-动画/影视,4607 Populary,9 Comments,122 Recommended
"https://img.zcool.cn/community/031urw1ywtiilo6cisdbk1r3232.png?x-oss-process=image/resize,m_fill,w_520,h_390,limit_0/auto-orient,1/sharpen,100",【混合体】英雄联盟EDG冠军手办登场,影视-宣传片,3987 Populary,9 Comments,103 Recommended
"https://img.zcool.cn/community/0319ilwzuk7kejlo9oha8ub3933.png?x-oss-process=image/resize,m_fill,w_520,h_390,limit_0/auto-orient,1/sharpen,100",几何 I 跳绳新色系,工业/产品-生活用品,9431 Populary,13 Comments,249 Recommended
"https://img.zcool.cn/community/03164h33gr6ywrh3rkioed33832.png?x-oss-process=image/resize,m_fill,w_520,h_390,limit_0/auto-orient,1/sharpen,100",家具产品设计——有容客厅系列,工业/产品-生活用品,2921 Populary,14 Comments,69 Recommended
"https://img.zcool.cn/community/0311qwck7u0jbbcvsn2ogir3732.png?x-oss-process=image/resize,m_fill,w_520,h_390,limit_0/auto-orient,1/sharpen,100",禾宝护肤品牌电商视觉升级全案,网页-电商,5898 Populary,18 Comments,194 Recommended
"https://img.zcool.cn/community/031wzkqi8b00e6lmvtcxbnu3135.png?x-oss-process=image/resize,m_fill,w_520,h_390,limit_0/auto-orient,1/sharpen,100",oè新品 | 欢聚一锅，喜悦齐享，多功能一体式锅电火锅,工业/产品-生活用品,2787 Populary,1 Comments,60 Recommended
"https://img.zcool.cn/community/031wcwlfnnb9k2ut0eutpu83930.png?x-oss-process=image/resize,m_fill,w_520,h_390,limit_0/auto-orient,1/sharpen,100",PWM Studio | 2021  案例展示,平面-海报,9351 Populary,24 Comments,610 Recommended
,,,,,
"https://img.zcool.cn/community/031tdjpj31xml6ytmavpjft3938.png?x-oss-process=image/resize,m_fill,w_520,h_390,limit_0/auto-orient,1/sharpen,100",刘宇PHOTOBOOK/  封面设计,平面-书籍/画册,3909 Populary,5 Comments,120 Recommended
"https://img.zcool.cn/community/0315nswuzan3oumsxc4jps93036.png?x-oss-process=image/resize,m_fill,w_520,h_390,limit_0/auto-orient,1/sharpen,100",元宇宙时代新IP-METAMANX2,平面-IP形象,2784 Populary,6 Comments,107 Recommended
"https://img.zcool.cn/community/031o6fn4eef8vvx2o6az6ue3932.png?x-oss-process=image/resize,m_fill,w_520,h_390,limit_0/auto-orient,1/sharpen,100",粽夏物语/夏日贩卖机,平面-包装,7597 Populary,15 Comments,383 Recommended
"https://img.zcool.cn/community/031pfmlsugzyj1gywpetiqr3737.png?x-oss-process=image/resize,m_fill,w_520,h_390,limit_0/auto-orient,1/sharpen,100",手写书法字体「妙典」,平面-字体/字形,3301 Populary,27 Comments,129 Recommended
,,,,,
"https://img.zcool.cn/community/031h4qgescjibpvwpypa6dg3636.png?x-oss-process=image/resize,m_fill,w_520,h_390,limit_0/auto-orient,1/sharpen,100",汉字境/一字禅六周年《已是人间四月天》,平面-字体/字形,1812 Populary,5 Comments,62 Recommended
"https://img.zcool.cn//community/special_cover/5e69626a0dc40002d766fd68ff76.jpg?x-oss-process=image/resize,m_fill,w_260,h_195,limit_0/auto-orient,1/sharpen,100",Z-Up潜力创作者100天加油计划,大赛-设计大赛,共1.5w人气,共264参与,共198作品
"https://img.zcool.cn/community/031bxtbh0xug4l57obwfimt3139.png?x-oss-process=image/resize,m_fill,w_520,h_390,limit_0/auto-orient,1/sharpen,100",2022年1季度平面案例,平面-海报,6455 Populary,13 Comments,262 Recommended
"https://img.zcool.cn/community/01e375626acd020002c3290f9bf7ad.jpg?x-oss-process=image/resize,m_fill,w_520,h_390,limit_0/auto-orient,1/sharpen,100",#即时，由你定义# 火种起源,平面-海报,3648 Populary,21 Comments,189 Recommended
"https://img.zcool.cn/community/031wswtjhpc6ue2ebmojthv3434.png?x-oss-process=image/resize,m_fill,w_520,h_390,limit_0/auto-orient,1/sharpen,100",太平戲院紀事: 院主源詹勳先生日記選輯1926——1949,平面-书籍/画册,2204 Populary,1 Comments,51 Recommended
"https://img.zcool.cn/community/031p7csa7892mcpotqhponk3334.png?x-oss-process=image/resize,m_fill,w_520,h_390,limit_0/auto-orient,1/sharpen,100",囍鸳鸯冰室,平面-品牌,5424 Populary,12 Comments,311 Recommended
"https://img.zcool.cn/community/0314qf5kflnkptwxt6vechj3137.png?x-oss-process=image/resize,m_fill,w_520,h_390,limit_0/auto-orient,1/sharpen,100",南肆烧烤社 | NANSISHAOKAO,平面-品牌,5356 Populary,4 Comments,192 Recommended
"https://img.zcool.cn/community/031aarkqxratzlyy5yqxxb93838.png?x-oss-process=image/resize,m_fill,w_520,h_390,limit_0/auto-orient,1/sharpen,100",认养一头牛2021品牌IP一头形象升级篇,平面-IP形象,6273 Populary,17 Comments,291 Recommended
"https://img.zcool.cn/community/031hkwavabgerunr4tjkw5s3734.png?x-oss-process=image/resize,m_fill,w_520,h_390,limit_0/auto-orient,1/sharpen,100",�MOODY*沙龙,平面-品牌,2938 Populary,9 Comments,120 Recommended
"https://img.zcool.cn/community/031rltwimgjrscpyghshcal3730.png?x-oss-process=image/resize,m_fill,w_520,h_390,limit_0/auto-orient,1/sharpen,100",【Touko-sphinx】酷猫系列NFT,UI-其他UI  ,5079 Populary,57 Comments,395 Recommended
"https://img.zcool.cn/community/031mxe3gjd8air9g4jbvbh33937.png?x-oss-process=image/resize,m_fill,w_520,h_390,limit_0/auto-orient,1/sharpen,100",微光图标/磨砂/立体//渐变,UI-图标,5731 Populary,28 Comments,218 Recommended
"https://img.zcool.cn/community/031wrwuoohjltbxvw3cxkf63332.png?x-oss-process=image/resize,m_fill,w_520,h_390,limit_0/auto-orient,1/sharpen,100",無趣丨详情视觉分享✖2,网页-电商,5742 Populary,13 Comments,162 Recommended
"https://img.zcool.cn/community/031lhchd7dmpuppkkyetctc3838.png?x-oss-process=image/resize,m_fill,w_520,h_390,limit_0/auto-orient,1/sharpen,100",我爸送的名牌包，被室友当场抓包是“假货”！？,动漫-中/长篇漫画,1.5w Populary,121 Comments,469 Recommended
"https://img.zcool.cn/community/031viclnwxvp4bdkfiani0b3237.png?x-oss-process=image/resize,m_fill,w_520,h_390,limit_0/auto-orient,1/sharpen,100",美的｜立式空气循环电风扇,工业/产品-生活用品,7409 Populary,46 Comments,114 Recommended
"https://img.zcool.cn/community/0317eee626b53b50002c3290f938b12.jpg?x-oss-process=image/resize,m_fill,w_520,h_390,limit_0/auto-orient,1/sharpen,100",四月的练习,插画-创作习作,5806 Populary,39 Comments,419 Recommended
"https://img.zcool.cn/community/0311965626b53880002c4212cf13d7f.jpg?x-oss-process=image/resize,m_fill,w_520,h_390,limit_0/auto-orient,1/sharpen,100",仙猫狸将-笙肖团子,插画-商业插画,7898 Populary,22 Comments,361 Recommended
"https://img.zcool.cn/community/031cga26iqd8m2gljcfssnm3334.png?x-oss-process=image/resize,m_fill,w_520,h_390,limit_0/auto-orient,1/sharpen,100",恋 恋 不 减 ｜毛三插画合集9p,插画-创作习作,4538 Populary,12 Comments,171 Recommended
"https://img.zcool.cn/community/031jjkwjaiw8ehjntqf8dl43230.png?x-oss-process=image/resize,m_fill,w_520,h_390,limit_0/auto-orient,1/sharpen,100",为“安利25周年”绘制系列插画主题创作,插画-商业插画,3942 Populary,23 Comments,157 Recommended
"https://img.zcool.cn/community/031ny1bsio05jdin1iid1gq3635.png?x-oss-process=image/resize,m_fill,w_520,h_390,limit_0/auto-orient,1/sharpen,100",春熙谢茶-茶饮品牌 饮品品牌设计,平面-品牌,1.2w Populary,75 Comments,574 Recommended
"https://img.zcool.cn/community/031riv7jl1fnykxa83ewxov3938.png?x-oss-process=image/resize,m_fill,w_520,h_390,limit_0/auto-orient,1/sharpen,100",教堂下的舞蹈室 | 金芭蕾,空间-商业空间设计,2964 Populary,18 Comments,34 Recommended
"https://img.zcool.cn/community/0312elkoortnx1t0odllnhd3830.png?x-oss-process=image/resize,m_fill,w_520,h_390,limit_0/auto-orient,1/sharpen,100",在厨房重启纯手工还原的《流浪地球》行星发动机迷你版,影视-短片,6807 Populary,20 Comments,231 Recommended
"https://img.zcool.cn/community/031jebdv5dsnkaqq5c6efge3138.png?x-oss-process=image/resize,m_fill,w_520,h_390,limit_0/auto-orient,1/sharpen,100",Skull Animal · 数字艺术头像,UI-其他UI  ,5777 Populary,74 Comments,221 Recommended
"https://img.zcool.cn/community/031pvblalyyipyeg3qd8a9f3530.png?x-oss-process=image/resize,m_fill,w_520,h_390,limit_0/auto-orient,1/sharpen,100",社会问题的创意设计解决方案,观点-多领域,5085 Populary,7 Comments,61 Recommended
"https://img.zcool.cn/community/01cb1d626b46180002c3290fd25619.jpg?x-oss-process=image/resize,m_fill,w_520,h_390,limit_0/auto-orient,1/sharpen,100",非人哉789-790,动漫-短篇/格漫,7804 Populary,36 Comments,277 Recommended
"https://img.zcool.cn/community/0313lm9wdpum6s6runaetja3636.png?x-oss-process=image/resize,m_fill,w_520,h_390,limit_0/auto-orient,1/sharpen,100",贰婶呀手写--手写字&奇趣插画【拙里拙气】,平面-字体/字形,3847 Populary,15 Comments,138 Recommended
"https://img.zcool.cn/community/031yqammzhfrqvydcs0v6vq3738.png?x-oss-process=image/resize,m_fill,w_520,h_390,limit_0/auto-orient,1/sharpen,100",所喜作品：悠享时品牌视觉升级 / 包装体系构建,平面-品牌,1.6w Populary,50 Comments,792 Recommended
"https://img.zcool.cn/community/031ucadspinftypyka0qnru3433.png?x-oss-process=image/resize,m_fill,w_520,h_390,limit_0/auto-orient,1/sharpen,100",2022年四月手写字体,平面-字体/字形,3090 Populary,21 Comments,106 Recommended
"https://img.zcool.cn/community/031tsfslfdvfar84em5wvmd3334.png?x-oss-process=image/resize,m_fill,w_520,h_390,limit_0/auto-orient,1/sharpen,100",yoyomilk 友友米可,三维-人物/生物,1.8w Populary,30 Comments,657 Recommended
"https://img.zcool.cn/community/031jswg0jqqhbnhcrhoce7n3235.png?x-oss-process=image/resize,m_fill,w_520,h_390,limit_0/auto-orient,1/sharpen,100",NFT/食物奇妙夜Ⅰ,UI-其他UI  ,1.0w Populary,47 Comments,480 Recommended
"https://img.zcool.cn/community/031m8lhnqec6e8y78sptr3w3831.png?x-oss-process=image/resize,m_fill,w_520,h_390,limit_0/auto-orient,1/sharpen,100",Design Portfolio - 2021 设计杂记,网页-运营设计,9336 Populary,51 Comments,312 Recommended
"https://img.zcool.cn/community/031dtrft1wybx6fd7kzoeok3436.png?x-oss-process=image/resize,m_fill,w_520,h_390,limit_0/auto-orient,1/sharpen,100",十二生肖神獸,插画-艺术插画,1.1w Populary,71 Comments,851 Recommended
"https://img.zcool.cn/community/031nukbvyudjr3stiw4etec3235.png?x-oss-process=image/resize,m_fill,w_520,h_390,limit_0/auto-orient,1/sharpen,100",萌萌哒，可爱的价值是什么？,观点-其他,6329 Populary,1 Comments,67 Recommended
"https://img.zcool.cn/community/031vzoleqjwdqhr5pnvtbap3834.png?x-oss-process=image/resize,m_fill,w_520,h_390,limit_0/auto-orient,1/sharpen,100",为每一只午夜emo的夜猫子，建一座精神休憩之所,动漫-动画片,7673 Populary,11 Comments,263 Recommended
"https://img.zcool.cn/community/031icbpxswgkka90hzrxkli3736.png?x-oss-process=image/resize,m_fill,w_520,h_390,limit_0/auto-orient,1/sharpen,100",荣耀se产品宣传片,三维-动画/影视,7346 Populary,22 Comments,230 Recommended
,,,,,
"https://img.zcool.cn/community/031gxnxqdhvgwigcpcdnkam3935.png?x-oss-process=image/resize,m_fill,w_520,h_390,limit_0/auto-orient,1/sharpen,100",麻药搜查官BLACK ROSE,三维-人物/生物,1.4w Populary,123 Comments,543 Recommended
"https://img.zcool.cn/community/031akliesxhpwb8bnhnhqb83937.png?x-oss-process=image/resize,m_fill,w_520,h_390,limit_0/auto-orient,1/sharpen,100",#OOTD | Outfit of the Day,三维-人物/生物,8498 Populary,16 Comments,454 Recommended
"https://img.zcool.cn/community/031nd6mr7ztb7io9dce79m33833.png?x-oss-process=image/resize,m_fill,w_520,h_390,limit_0/auto-orient,1/sharpen,100",BadKitty 丨坏猫猫盲盒设计,工业/产品-玩具,5009 Populary,22 Comments,180 Recommended
"https://img.zcool.cn/community/031fsqm2drghotegvhuwx7p3635.png?x-oss-process=image/resize,m_fill,w_520,h_390,limit_0/auto-orient,1/sharpen,100",玩型填空 | 键盘平面设计,三维-产品,9582 Populary,32 Comments,221 Recommended
"https://img.zcool.cn/community/031m1fkualabfy2eilutlvs3833.png?x-oss-process=image/resize,m_fill,w_520,h_390,limit_0/auto-orient,1/sharpen,100",C-MOJI 全系列,插画-商业插画,5033 Populary,17 Comments,132 Recommended
"https://img.zcool.cn/community/031jjl8iyfidvm5maympfd93234.png?x-oss-process=image/resize,m_fill,w_520,h_390,limit_0/auto-orient,1/sharpen,100",GOOSE TEA × 青柚设计｜一家超有梗的甜品店,平面-品牌,1.4w Populary,34 Comments,636 Recommended
"https://img.zcool.cn/community/031btixfjubcifm0gdwa6fg3533.png?x-oss-process=image/resize,m_fill,w_520,h_390,limit_0/auto-orient,1/sharpen,100",《王牌竞速》S1-S6项目总结,平面-品牌,5986 Populary,22 Comments,157 Recommended
"https://img.zcool.cn/community/0316hirrnrtjk9o3p1kh7rd3638.png?x-oss-process=image/resize,m_fill,w_520,h_390,limit_0/auto-orient,1/sharpen,100",红魔 x 变形金刚联名款游戏手机包装设计,平面-包装,5057 Populary,19 Comments,160 Recommended
"https://img.zcool.cn/community/031xsx7ycbxq2r8r9dp926f3635.png?x-oss-process=image/resize,m_fill,w_520,h_390,limit_0/auto-orient,1/sharpen,100",白墨研字|黄陵野鹤-书法应用案例集合|包装篇,平面-字体/字形,8202 Populary,21 Comments,188 Recommended
"https://img.zcool.cn/community/03169w8cf2ihtotmp9hplji3538.png?x-oss-process=image/resize,m_fill,w_520,h_390,limit_0/auto-orient,1/sharpen,100",POCO,摄影-人像摄影,4386 Populary,36 Comments,156 Recommended
"https://img.zcool.cn/community/01557c626940040002c3290fb19c80.jpg?x-oss-process=image/resize,m_fill,w_520,h_390,limit_0/auto-orient,1/sharpen,100",巷子里的猫很自由 但却没有归宿,摄影-宠物摄影,1.2w Populary,73 Comments,530 Recommended
"https://img.zcool.cn/community/031tbxdpvlysrssgamt0q6y3137.png?x-oss-process=image/resize,m_fill,w_520,h_390,limit_0/auto-orient,1/sharpen,100",Shot on iPhone 13 Pro Max-20220427,摄影-人文/纪实摄影,3506 Populary,14 Comments,166 Recommended
"https://img.zcool.cn/community/0313x1ds3oaywm5qsf72wxc3933.png?x-oss-process=image/resize,m_fill,w_520,h_390,limit_0/auto-orient,1/sharpen,100",金虎送福｜湖南卫视 2022虎年贺岁片,影视-宣传片,2675 Populary,3 Comments,67 Recommended
"https://img.zcool.cn/community/01a0f56268ea3e0002c3290f79f151.jpg?x-oss-process=image/resize,m_fill,w_520,h_390,limit_0/auto-orient,1/sharpen,100",一些海报拍摄作品,摄影-人像摄影,1.3w Populary,31 Comments,225 Recommended
"https://img.zcool.cn/community/03180dc626784bb0002c3290fa92954.jpg?x-oss-process=image/resize,m_fill,w_520,h_390,limit_0/auto-orient,1/sharpen,100",朝霞晚霞如何预判？摄影师经验分享～,摄影-风光摄影,6853 Populary,16 Comments,273 Recommended
"https://img.zcool.cn/community/031tlld1hyhn1dal6hedswy3431.png?x-oss-process=image/resize,m_fill,w_520,h_390,limit_0/auto-orient,1/sharpen,100",漫织·护肤详情页,网页-电商,1.3w Populary,26 Comments,428 Recommended
"https://img.zcool.cn/community/031buws8tdmn6if3qsfdhly3839.png?x-oss-process=image/resize,m_fill,w_520,h_390,limit_0/auto-orient,1/sharpen,100",三套品牌合集 | 精准的创意具象化,平面-品牌,1.0w Populary,18 Comments,280 Recommended
"https://img.zcool.cn/community/031q4tphahlofrsbqgtrhwf3338.png?x-oss-process=image/resize,m_fill,w_520,h_390,limit_0/auto-orient,1/sharpen,100",全年项目总结,网页-运营设计,3.9w Populary,43 Comments,992 Recommended
https://image.gogoup.com/20220427/1651029194737.jpg,,-,,,
"https://img.zcool.cn/community/031sd7lenjwh3imcdu1yu5x3835.png?x-oss-process=image/resize,m_fill,w_520,h_390,limit_0/auto-orient,1/sharpen,100",2020“上海设计10x10”全球大奖展,平面-海报,8212 Populary,27 Comments,155 Recommended
"https://img.zcool.cn/community/031u6cwfcuskbyrtfuf2q1u3436.png?x-oss-process=image/resize,m_fill,w_520,h_390,limit_0/auto-orient,1/sharpen,100",UE5 蝙蝠车设计,工业/产品-交通工具,8427 Populary,45 Comments,415 Recommended
"https://img.zcool.cn/community/031xos9axije7rv9buhj71k3638.png?x-oss-process=image/resize,m_fill,w_520,h_390,limit_0/auto-orient,1/sharpen,100",趣传(新消费)案例 | 抱果下山&lt;苹果俱乐部&gt;系列包装,平面-包装,1.4w Populary,27 Comments,617 Recommended
"https://img.zcool.cn/community/0314rxoarw0shbzyxgcwtam3739.png?x-oss-process=image/resize,m_fill,w_520,h_390,limit_0/auto-orient,1/sharpen,100",有间茶铺创立十周年,平面-包装,1.3w Populary,19 Comments,250 Recommended
"https://img.zcool.cn/community/031sguzbb5qlsy82mkeqqka3537.png?x-oss-process=image/resize,m_fill,w_520,h_390,limit_0/auto-orient,1/sharpen,100",虚拟AI时代的创意设计解决方案,观点-多领域,5600 Populary,0 Comments,71 Recommended
"https://img.zcool.cn/community/031dd866266f46a0002c3290fda9a02.jpg?x-oss-process=image/resize,m_fill,w_520,h_390,limit_0/auto-orient,1/sharpen,100",Moscow Metro,摄影-环境/建筑摄影,4487 Populary,17 Comments,130 Recommended
"https://img.zcool.cn/community/0313knn4esxw855eskrldnq3232.png?x-oss-process=image/resize,m_fill,w_520,h_390,limit_0/auto-orient,1/sharpen,100",2021年京东生鲜设计作品集【年度总结】,网页-电商,1.6w Populary,51 Comments,622 Recommended
"https://img.zcool.cn/community/031e3upoauagkduu8emnaps3936.png?x-oss-process=image/resize,m_fill,w_520,h_390,limit_0/auto-orient,1/sharpen,100",NFS,插画-创作习作,9288 Populary,15 Comments,346 Recommended
"https://img.zcool.cn/community/031ag6u17jruwvjrrbnyjnv3436.png?x-oss-process=image/resize,m_fill,w_520,h_390,limit_0/auto-orient,1/sharpen,100",自由,插画-商业插画,1.3w Populary,68 Comments,1062 Recommended
"https://img.zcool.cn/community/031jtxyjgka2if588xdim8m3638.png?x-oss-process=image/resize,m_fill,w_520,h_390,limit_0/auto-orient,1/sharpen,100",《麻花特开心》视觉方案,平面-宣传物料,1.8w Populary,17 Comments,316 Recommended
"https://img.zcool.cn/community/01f9f2626763f60002c4212c42659c.jpg?x-oss-process=image/resize,m_fill,w_520,h_390,limit_0/auto-orient,1/sharpen,100",Queen Studios 钢铁侠 MARK1 1/4全身像 ,摄影-产品摄影,9964 Populary,23 Comments,158 Recommended
"https://img.zcool.cn/community/019e99626760b70002c3290f480f93.jpg?x-oss-process=image/resize,m_fill,w_520,h_390,limit_0/auto-orient,1/sharpen,100",MTS涂鸦团队-我们与这个星球,插画-艺术插画,4430 Populary,7 Comments,136 Recommended
"https://img.zcool.cn/community/0312fcmskaf7pc3g2llwdc83939.png?x-oss-process=image/resize,m_fill,w_520,h_390,limit_0/auto-orient,1/sharpen,100",基于图像识别的购物场景,UI-APP界面,9947 Populary,32 Comments,249 Recommended
"https://img.zcool.cn/community/031gempfezgxcycgpxi9ulv3332.png?x-oss-process=image/resize,m_fill,w_520,h_390,limit_0/auto-orient,1/sharpen,100",SMALL HEAD & BUBBLE CLOTHING,三维-人物/生物,1.3w Populary,166 Comments,615 Recommended
"https://img.zcool.cn/community/031vy1idedbbdf502qgowcf3537.png?x-oss-process=image/resize,m_fill,w_520,h_390,limit_0/auto-orient,1/sharpen,100",星野的风雪｜幕后花絮之mad亚布力企业家论坛永久会址,摄影-环境/建筑摄影,5198 Populary,4 Comments,94 Recommended
"https://img.zcool.cn//community/activity_cover/03c8624aeb4c0002d75f91e95002.jpg?x-oss-process=image/resize,m_fill,w_260,h_195,limit_0/auto-orient,1/sharpen,100",得意的logo，得意地晒！,活动-线上活动,共2.8w人气,共83作品,共146推荐
"https://img.zcool.cn/community/031ya1xbn1yeu4tmjls1mus3834.png?x-oss-process=image/resize,m_fill,w_520,h_390,limit_0/auto-orient,1/sharpen,100",美容仪/麦克风/腾讯仙游详情作品合集,网页-电商,1.2w Populary,45 Comments,314 Recommended
"https://img.zcool.cn/community/031xy75arhc4qrrpyc8wre83835.png?x-oss-process=image/resize,m_fill,w_520,h_390,limit_0/auto-orient,1/sharpen,100",脑海里的写生（8）,插画-创作习作,8962 Populary,29 Comments,460 Recommended
"https://img.zcool.cn/community/031z0kzmdtsihkonw8sxx9g3838.png?x-oss-process=image/resize,m_fill,w_520,h_390,limit_0/auto-orient,1/sharpen,100",兔子的全地形战备,三维-动画/影视,1.3w Populary,86 Comments,869 Recommended
"https://img.zcool.cn/community/01d49a6265390f0002c4212cf8af6a.jpg?x-oss-process=image/resize,m_fill,w_520,h_390,limit_0/auto-orient,1/sharpen,100",【水域 】  MY CLARINS寻找天然好食肌,平面-海报,1.4w Populary,66 Comments,895 Recommended
"https://img.zcool.cn/community/031hf9xnuu0986afx8gh5me3935.png?x-oss-process=image/resize,m_fill,w_520,h_390,limit_0/auto-orient,1/sharpen,100",涟漪,平面-书籍/画册,8167 Populary,12 Comments,204 Recommended
"https://img.zcool.cn/community/031b6kmcxqxxguopljggbmr3535.png?x-oss-process=image/resize,m_fill,w_520,h_390,limit_0/auto-orient,1/sharpen,100",吾辈当自潮｜五四青年节礼盒「共同富裕」,平面-宣传物料,1.4w Populary,46 Comments,634 Recommended
"https://img.zcool.cn/community/031gzv1hldtkcnxopge9f503135.png?x-oss-process=image/resize,m_fill,w_520,h_390,limit_0/auto-orient,1/sharpen,100",完美植色×同道设计  青蒿萃取洗发水包装设计,平面-包装,1.0w Populary,34 Comments,404 Recommended
"https://img.zcool.cn/community/0316ibpxgdlv6xplg0leggi3335.png?x-oss-process=image/resize,m_fill,w_520,h_390,limit_0/auto-orient,1/sharpen,100",汉仪花冠家族,平面-字体/字形,4708 Populary,16 Comments,144 Recommended
"https://img.zcool.cn/community/031wqtdkrswgyv1uofvyhjg3938.png?x-oss-process=image/resize,m_fill,w_520,h_390,limit_0/auto-orient,1/sharpen,100",微信读书产品设计策略推导——你要一辆跑得更快的马车，但它给了你一辆法拉利！,观点-UI,7759 Populary,34 Comments,173 Recommended
"https://img.zcool.cn/community/031sx59k7osobj7jqxwlilf3931.png?x-oss-process=image/resize,m_fill,w_520,h_390,limit_0/auto-orient,1/sharpen,100",家具设计丨恬野亚克力餐桌,工业/产品-生活用品,6826 Populary,20 Comments,141 Recommended
"https://img.zcool.cn/community/031smrewpnpmtyfe44qxgwn3834.png?x-oss-process=image/resize,m_fill,w_520,h_390,limit_0/auto-orient,1/sharpen,100",荆轲刺秦,三维-动画/影视,1.5w Populary,185 Comments,1109 Recommended
"https://img.zcool.cn/community/031kjetqoeccho9jjkmzvbw3432.png?x-oss-process=image/resize,m_fill,w_520,h_390,limit_0/auto-orient,1/sharpen,100",Redmi潮流限量盲盒kino&hoho亮相视频,三维-动画/影视,6875 Populary,13 Comments,260 Recommended
"https://img.zcool.cn/community/031n1tliyfsm0b4nuobwule3631.png?x-oss-process=image/resize,m_fill,w_520,h_390,limit_0/auto-orient,1/sharpen,100",Oladance OWS 開放耳機,摄影-时尚/艺术摄影,7219 Populary,32 Comments,196 Recommended
"https://img.zcool.cn/community/031kkx3bcjdyryuwyefsfys3135.png?x-oss-process=image/resize,m_fill,w_520,h_390,limit_0/auto-orient,1/sharpen,100",2021抖音直播年度嘉年华｜线上设计篇,网页-运营设计,1.4w Populary,19 Comments,544 Recommended
"https://img.zcool.cn/community/031p2bv6299x0afw9jsi2ry3930.png?x-oss-process=image/resize,m_fill,w_520,h_390,limit_0/auto-orient,1/sharpen,100",天猫超级爆款,三维-动画/影视,7874 Populary,24 Comments,273 Recommended
"https://img.zcool.cn/community/01874b624285d10002c3290fa5e542.jpg?x-oss-process=image/resize,m_fill,w_520,h_390,limit_0/auto-orient,1/sharpen,100",Yanji / 燕集,平面-品牌,7817 Populary,24 Comments,230 Recommended
https://image.gogoup.com/course/20220422/1650623059509.png,,-,,,
"https://img.zcool.cn/community/01f2716215de6611013e8cd0a0cafa.jpg?x-oss-process=image/resize,m_fill,w_520,h_390,limit_0/auto-orient,1/sharpen,100",设计心理学，怎么改进一部让人尴尬的电梯？,观点-其他,9940 Populary,51 Comments,81 Recommended
"https://img.zcool.cn/community/031lbcrwyqmyqgrodcaztnd3839.png?x-oss-process=image/resize,m_fill,w_520,h_390,limit_0/auto-orient,1/sharpen,100",去无人的海岛，在那里，飞鸟在你肩上栖息,工业/产品-玩具,8248 Populary,20 Comments,221 Recommended
"https://img.zcool.cn/community/01b9946266116c0002c3290fb3bff4.jpg?x-oss-process=image/resize,m_fill,w_520,h_390,limit_0/auto-orient,1/sharpen,100",漫画 /  杨医生往事,动漫-中/长篇漫画,9769 Populary,27 Comments,321 Recommended
"https://img.zcool.cn/community/0314e916265e6430002c3290f598522.jpg?x-oss-process=image/resize,m_fill,w_520,h_390,limit_0/auto-orient,1/sharpen,100",小公主和兔子先生的大冒险,纯艺术-绘画,6318 Populary,9 Comments,162 Recommended
"https://img.zcool.cn/community/031fuxvrjbidprjgkdkjpkx3932.png?x-oss-process=image/resize,m_fill,w_520,h_390,limit_0/auto-orient,1/sharpen,100",「流光溢彩·轻盈律动」西瓜设计语言升级,UI-其他UI  ,1.5w Populary,31 Comments,753 Recommended
"https://img.zcool.cn//community/activity_cover/0810625cd6110002d74c98ef907c.jpg?x-oss-process=image/resize,m_fill,w_260,h_195,limit_0/auto-orient,1/sharpen,100",高手坐堂-张双助你互联网下半场UI进阶,活动-线上活动,共7073人气,共7作品,共22推荐
"https://img.zcool.cn/community/031sejayyqvtfdgcyqew30k3530.png?x-oss-process=image/resize,m_fill,w_520,h_390,limit_0/auto-orient,1/sharpen,100",VI设计 西餐厅品牌设计 轻食品牌设计,平面-品牌,1.8w Populary,64 Comments,791 Recommended
"https://img.zcool.cn/community/031oalmjamcrxtmlgdf6lhl3030.png?x-oss-process=image/resize,m_fill,w_520,h_390,limit_0/auto-orient,1/sharpen,100",贰婶手写--奇妙的中国汉字【拙字集伍】,平面-字体/字形,5655 Populary,15 Comments,150 Recommended
"https://img.zcool.cn/community/031pv7j0t5dcinipdcguvon3533.png?x-oss-process=image/resize,m_fill,w_520,h_390,limit_0/auto-orient,1/sharpen,100",几何共社 丨吞 · 元氣食堂 / 设计师跨界玩转如此有料,空间-酒店餐饮设计,6447 Populary,22 Comments,94 Recommended
"https://img.zcool.cn/community/0316eop9ilqqcylxaum7bqt3333.png?x-oss-process=image/resize,m_fill,w_520,h_390,limit_0/auto-orient,1/sharpen,100",十三｜二 O 二 一 ,网页-运营设计,8198 Populary,25 Comments,272 Recommended
"https://img.zcool.cn/community/03149yi2kkpcr4xaxampwb63336.png?x-oss-process=image/resize,m_fill,w_520,h_390,limit_0/auto-orient,1/sharpen,100",元宇宙虚拟服饰②NFT未来穿搭,三维-其他三维,1.7w Populary,85 Comments,1157 Recommended
"https://img.zcool.cn/community/031qdyswa8yd8xbxldoluj93133.png?x-oss-process=image/resize,m_fill,w_520,h_390,limit_0/auto-orient,1/sharpen,100",【OPPY】王者新英雄#桑启特色展示CG ,三维-动画/影视,1.0w Populary,28 Comments,305 Recommended
"https://img.zcool.cn/community/031sefdixhdnidserhgslpa3830.png?x-oss-process=image/resize,m_fill,w_520,h_390,limit_0/auto-orient,1/sharpen,100",从0到1搭建年轻化游戏社区设计语言,UI-APP界面,8701 Populary,16 Comments,255 Recommended
"https://img.zcool.cn/community/0319h0xa4fq59qdsswwqbi53939.png?x-oss-process=image/resize,m_fill,w_520,h_390,limit_0/auto-orient,1/sharpen,100",SCREAM 尖叫,UI-其他UI  ,6163 Populary,76 Comments,336 Recommended
"https://img.zcool.cn/community/031fadn1zjpfrmssvnttbqh3631.png?x-oss-process=image/resize,m_fill,w_520,h_390,limit_0/auto-orient,1/sharpen,100",Shokz韶音运动耳机品牌升级全案,网页-电商,1.0w Populary,66 Comments,309 Recommended
"https://img.zcool.cn/community/01d7726264c5dd0002c4212c3d3a77.jpg?x-oss-process=image/resize,m_fill,w_520,h_390,limit_0/auto-orient,1/sharpen,100",【中国珍稀野生动物】生物多样性,插画-商业插画,8178 Populary,22 Comments,398 Recommended
"https://img.zcool.cn/community/031ojyyjjhpf5muviojajmc3439.png?x-oss-process=image/resize,m_fill,w_520,h_390,limit_0/auto-orient,1/sharpen,100",梅红C4D 每日图形设计 (三十二）,三维-其他三维,1.3w Populary,8 Comments,249 Recommended
"https://img.zcool.cn/community/031hccrxekfg55hapusfybp3134.png?x-oss-process=image/resize,m_fill,w_520,h_390,limit_0/auto-orient,1/sharpen,100",ALINE Q&A HANDBOOK | 关于“设计是什么”的777条回答,平面-书籍/画册,1.0w Populary,37 Comments,409 Recommended
"https://img.zcool.cn/community/031sjcbfzbkcofzpdep8dfk3639.png?x-oss-process=image/resize,m_fill,w_520,h_390,limit_0/auto-orient,1/sharpen,100",好酒见真工,平面-包装,7489 Populary,13 Comments,138 Recommended
"https://img.zcool.cn/community/031pnugts8duztdaehipvoe3439.png?x-oss-process=image/resize,m_fill,w_520,h_390,limit_0/auto-orient,1/sharpen,100",#末日机器人#,三维-机械/交通,8575 Populary,30 Comments,403 Recommended
"https://img.zcool.cn/community/031jvsfaaffhnvnywuugu6x3635.png?x-oss-process=image/resize,m_fill,w_520,h_390,limit_0/auto-orient,1/sharpen,100",儿童科普绘本 - 《谁在看？》,插画-儿童插画,1.3w Populary,31 Comments,734 Recommended
"https://img.zcool.cn/community/0314ljys2zcu3qsbh7wdbid3639.png?x-oss-process=image/resize,m_fill,w_520,h_390,limit_0/auto-orient,1/sharpen,100",乘鹿传媒【太空泡泡机/智能标靶详情页】,网页-电商,1.6w Populary,81 Comments,765 Recommended
"https://img.zcool.cn/community/031fkfbxpmljlalwr4r6pbo3633.png?x-oss-process=image/resize,m_fill,w_520,h_390,limit_0/auto-orient,1/sharpen,100",云顶之弈TOC3总决赛宣传片,影视-Motion Graphic,6300 Populary,9 Comments,163 Recommended
"https://img.zcool.cn/community/031bxuibghmabfloxik1xht3233.png?x-oss-process=image/resize,m_fill,w_520,h_390,limit_0/auto-orient,1/sharpen,100",熊超: 设计会用最简单的语言与你沟通,观点-多领域,8146 Populary,8 Comments,67 Recommended
"https://img.zcool.cn/community/0314eb2626244620002c3290f1391a2.jpg?x-oss-process=image/resize,m_fill,w_520,h_390,limit_0/auto-orient,1/sharpen,100",核玩coreplay X madology追光动画正版授权《白蛇2:青,工业/产品-玩具,2.2w Populary,68 Comments,682 Recommended
"https://img.zcool.cn/community/031xkeshivgt5sbgonupaeg3737.png?x-oss-process=image/resize,m_fill,w_520,h_390,limit_0/auto-orient,1/sharpen,100",近期商业作品,网页-企业官网,1.6w Populary,43 Comments,187 Recommended
"https://img.zcool.cn/community/031pb6iojlbhdopvw78lqgx3136.png?x-oss-process=image/resize,m_fill,w_520,h_390,limit_0/auto-orient,1/sharpen,100",HUMANN ERROR 20220422,插画-创作习作,1.7w Populary,97 Comments,844 Recommended
"https://img.zcool.cn/community/031ikplcvuktiz5dhy0wziy3531.png?x-oss-process=image/resize,m_fill,w_520,h_390,limit_0/auto-orient,1/sharpen,100",他朝若是同淋雪，此生也算共白头,摄影-人像摄影,1.5w Populary,50 Comments,495 Recommended
"https://img.zcool.cn/community/031yxxpykosg84u2thqnll53335.png?x-oss-process=image/resize,m_fill,w_520,h_390,limit_0/auto-orient,1/sharpen,100",LeFameX波点视觉 | 天猫新势力周,网页-电商,8901 Populary,61 Comments,215 Recommended
"https://img.zcool.cn/community/031qwiyubx3a4g55sofxnjh3134.png?x-oss-process=image/resize,m_fill,w_520,h_390,limit_0/auto-orient,1/sharpen,100",vivo X Fold｜大，集大成,三维-动画/影视,1.7w Populary,14 Comments,344 Recommended
"https://img.zcool.cn/community/031856d626211960002c4212cb63f64.jpg?x-oss-process=image/resize,m_fill,w_520,h_390,limit_0/auto-orient,1/sharpen,100",我又又又跟新我画的国风趣味小小人了,插画-儿童插画,1.7w Populary,61 Comments,930 Recommended
"https://img.zcool.cn/community/031vzpzdmyx0nkuhviiwtyo3330.png?x-oss-process=image/resize,m_fill,w_520,h_390,limit_0/auto-orient,1/sharpen,100",笔墨方·小管｜是时候，有一支不同的毛笔了,工业/产品-生活用品,7389 Populary,24 Comments,161 Recommended
"https://img.zcool.cn//community/activity_cover/3b1d624d35f20002d75f91cbd939.png?x-oss-process=image/resize,m_fill,w_260,h_195,limit_0/auto-orient,1/sharpen,100",春光正好，樱花盛开,活动-线上活动,共5.4w人气,共436作品,共361推荐
"https://img.zcool.cn/community/031didqmo7mdtuo0af0p5sc3838.png?x-oss-process=image/resize,m_fill,w_520,h_390,limit_0/auto-orient,1/sharpen,100",数字艺术头像-“脑袋开了花”系列,UI-其他UI  ,1.1w Populary,44 Comments,336 Recommended
"https://img.zcool.cn/community/031eucuinrrbqalyfcpi13p3038.png?x-oss-process=image/resize,m_fill,w_520,h_390,limit_0/auto-orient,1/sharpen,100",中国民生银行趣玩星球 CMBC - ATM TOY,平面-IP形象,1.8w Populary,47 Comments,1123 Recommended
"https://img.zcool.cn/community/031gjph1tfwrrxkdkaqty1j3535.png?x-oss-process=image/resize,m_fill,w_520,h_390,limit_0/auto-orient,1/sharpen,100",快手｜2022温暖日历,平面-宣传物料,1.6w Populary,28 Comments,609 Recommended
"https://img.zcool.cn/community/03151bor9ahp2ffpbgh8xik3531.png?x-oss-process=image/resize,m_fill,w_520,h_390,limit_0/auto-orient,1/sharpen,100",2022年3~4月,插画-儿童插画,9458 Populary,7 Comments,142 Recommended
"https://img.zcool.cn/community/031lei2wocqqe1ev0zdtm4b3231.png?x-oss-process=image/resize,m_fill,w_520,h_390,limit_0/auto-orient,1/sharpen,100",乐乐趣《虎虎生威》立体书项目,插画-商业插画,6854 Populary,20 Comments,217 Recommended
"https://img.zcool.cn/community/03167ag6cq24vtnotdzm9ok3238.png?x-oss-process=image/resize,m_fill,w_520,h_390,limit_0/auto-orient,1/sharpen,100",Becca的潮玩世界,平面-IP形象,4.6w Populary,87 Comments,1548 Recommended
"https://img.zcool.cn/community/01db8162386a0d0002c3290f92a0f5.jpg?x-oss-process=image/resize,m_fill,w_520,h_390,limit_0/auto-orient,1/sharpen,100",2022近日图集,插画-商业插画,1.1w Populary,62 Comments,454 Recommended
"https://img.zcool.cn/community/031bxvcdv0bpbflut79ator3731.png?x-oss-process=image/resize,m_fill,w_520,h_390,limit_0/auto-orient,1/sharpen,100",新年插画合集 I 腾讯为家乡贴春联 & 天猫年货节,插画-商业插画,1.1w Populary,13 Comments,435 Recommended
"https://img.zcool.cn/community/031bstyqksbyi9o5d5ggpb63031.png?x-oss-process=image/resize,m_fill,w_520,h_390,limit_0/auto-orient,1/sharpen,100",【东方龙粽】自然造物,工业/产品-其他工业/产品,1.1w Populary,18 Comments,325 Recommended
"https://img.zcool.cn/community/031f2m11s75byvchew82yqz3035.png?x-oss-process=image/resize,m_fill,w_520,h_390,limit_0/auto-orient,1/sharpen,100",藏克-逝｜消逝是孤独的另一演绎,工业/产品-玩具,8134 Populary,29 Comments,256 Recommended
"https://img.zcool.cn/community/031pp9r1ucdii8nkgec43i53039.png?x-oss-process=image/resize,m_fill,w_520,h_390,limit_0/auto-orient,1/sharpen,100",8街壹号｜如何在茶饮红海中切割出自己的“蓝海”,平面-品牌,1.2w Populary,39 Comments,337 Recommended
"https://img.zcool.cn/community/031xnlxymlg4vqf0ureo6ii3433.png?x-oss-process=image/resize,m_fill,w_520,h_390,limit_0/auto-orient,1/sharpen,100",丑东西，丑的对面就是美么？,观点-其他,2.0w Populary,42 Comments,128 Recommended
"https://img.zcool.cn/community/0316gxkpsfqsuzatynwpp6i3035.png?x-oss-process=image/resize,m_fill,w_520,h_390,limit_0/auto-orient,1/sharpen,100",再见,动漫-中/长篇漫画,3.5w Populary,446 Comments,2250 Recommended
"https://img.zcool.cn/community/031o6xisdr9nujsnzuouoml3736.png?x-oss-process=image/resize,m_fill,w_520,h_390,limit_0/auto-orient,1/sharpen,100",来夫！来夫！,平面-IP形象,1.8w Populary,66 Comments,957 Recommended
"https://img.zcool.cn/community/031ffzaqa4exqdtggbgkkrw3436.png?x-oss-process=image/resize,m_fill,w_520,h_390,limit_0/auto-orient,1/sharpen,100",《绽放》,摄影-人文/纪实摄影,7403 Populary,22 Comments,347 Recommended
"https://img.zcool.cn/community/031apmtwpu3tadck9a8dxce3739.png?x-oss-process=image/resize,m_fill,w_520,h_390,limit_0/auto-orient,1/sharpen,100",CHAO | 漂浮的房子,空间-酒店餐饮设计,1.5w Populary,59 Comments,409 Recommended
"https://img.zcool.cn/community/0316zbcvgr5d5qyfelf5jjx3132.png?x-oss-process=image/resize,m_fill,w_520,h_390,limit_0/auto-orient,1/sharpen,100",从0到1做一个上传菜谱的交互流程与原型设计,教程-多领域,9006 Populary,9 Comments,120 Recommended
"https://img.zcool.cn/community/031ed5d6260c39f0002c3290f1365c4.jpg?x-oss-process=image/resize,m_fill,w_520,h_390,limit_0/auto-orient,1/sharpen,100",2022机械控,插画-概念设定,1.2w Populary,37 Comments,473 Recommended
"https://img.zcool.cn/community/031qbgwqlbxznnpvedxzg8y3937.png?x-oss-process=image/resize,m_fill,w_520,h_390,limit_0/auto-orient,1/sharpen,100",《 第五人格 》COA5-2022线上赛项目美术制作总结,UI-其他UI  ,8818 Populary,12 Comments,248 Recommended
"https://img.zcool.cn/community/031ryhxs4fldkw1brjjbj613533.png?x-oss-process=image/resize,m_fill,w_520,h_390,limit_0/auto-orient,1/sharpen,100",画面背后的七年,插画-艺术插画,1.9w Populary,42 Comments,857 Recommended
"https://img.zcool.cn/community/01e272625fd7450002c4212c573ae7.jpg?x-oss-process=image/resize,m_fill,w_520,h_390,limit_0/auto-orient,1/sharpen,100",iQOO×站酷×VR—虚拟形象「游星Q」的星际穿越之旅,插画-概念设定,8760 Populary,30 Comments,358 Recommended
"https://img.zcool.cn//community/activity_cover/9b41624ff7a60002d75f91e59f99.jpg?x-oss-process=image/resize,m_fill,w_260,h_195,limit_0/auto-orient,1/sharpen,100",UI界面创作打卡,活动-线上活动,共3.3w人气,共90作品,共226推荐
"https://img.zcool.cn/community/031jnii2jbvfc2xxrp4przg3637.png?x-oss-process=image/resize,m_fill,w_520,h_390,limit_0/auto-orient,1/sharpen,100",玩型填空 | 潮流首饰设计,三维-产品,1.5w Populary,25 Comments,283 Recommended
"https://img.zcool.cn/community/031q9wcxj3vu5jrig44lsdn3134.png?x-oss-process=image/resize,m_fill,w_520,h_390,limit_0/auto-orient,1/sharpen,100",近期商业作品合集,UI-闪屏/壁纸,1.4w Populary,42 Comments,533 Recommended
"https://img.zcool.cn/community/017d32625f6bcc0002c3290f98d52c.jpg?x-oss-process=image/resize,m_fill,w_520,h_390,limit_0/auto-orient,1/sharpen,100",#my CLARINS寻找天然好食肌#自然乐园,平面-海报,6979 Populary,66 Comments,162 Recommended
"https://img.zcool.cn/community/031umocl6deahgdykyzzmfs3130.png?x-oss-process=image/resize,m_fill,w_520,h_390,limit_0/auto-orient,1/sharpen,100",近期平面作品合集,平面-宣传物料,2.1w Populary,55 Comments,649 Recommended
"https://img.zcool.cn/community/031gv3nph9si6kbwcrzohwu3330.png?x-oss-process=image/resize,m_fill,w_520,h_390,limit_0/auto-orient,1/sharpen,100",Sound Blanc 白_功能性音乐系列_封面&动态合辑,平面-包装,1.2w Populary,22 Comments,286 Recommended
"https://img.zcool.cn/community/031a2fkh3hiciuk2s82nre03639.png?x-oss-process=image/resize,m_fill,w_520,h_390,limit_0/auto-orient,1/sharpen,100",重刻基因，城市生命体的绿色启示录,空间-其他空间,1.3w Populary,12 Comments,396 Recommended
"https://img.zcool.cn/community/0168e8625ea6250002c4212c280833.jpg?x-oss-process=image/resize,m_fill,w_520,h_390,limit_0/auto-orient,1/sharpen,100",召唤！！猪Q兔！！,平面-IP形象,8417 Populary,27 Comments,203 Recommended
"https://img.zcool.cn/community/031w5smvth6rqgnuwdrvg7p3738.png?x-oss-process=image/resize,m_fill,w_520,h_390,limit_0/auto-orient,1/sharpen,100",{白墨研字}黄陵野鹤|设计师专享幸运符壁纸系列NO.5,平面-字体/字形,1.1w Populary,45 Comments,249 Recommended
"https://img.zcool.cn/community/0315xurs3dtg4vf0eq8hmp83431.png?x-oss-process=image/resize,m_fill,w_520,h_390,limit_0/auto-orient,1/sharpen,100",&quot;向上看建筑&quot;之建筑天花板,摄影-环境/建筑摄影,7012 Populary,11 Comments,150 Recommended
"https://img.zcool.cn/community/0317eqjbiy1oi3lgkjan0hi3934.png?x-oss-process=image/resize,m_fill,w_520,h_390,limit_0/auto-orient,1/sharpen,100",河边姑娘,摄影-人像摄影,1.7w Populary,76 Comments,638 Recommended
"https://img.zcool.cn/community/031mpgohnyyj3nf1vbmfrss3638.png?x-oss-process=image/resize,m_fill,w_520,h_390,limit_0/auto-orient,1/sharpen,100",翻阅莱比锡1991-2003,平面-书籍/画册,8636 Populary,3 Comments,189 Recommended
"https://img.zcool.cn/community/031cyktnkmgtf30yaepzlh03637.png?x-oss-process=image/resize,m_fill,w_520,h_390,limit_0/auto-orient,1/sharpen,100",综艺《送一百位女孩回家》第五季海报,平面-海报,1.9w Populary,16 Comments,320 Recommended
"https://img.zcool.cn/community/031v1wmsg9kguozcmxcx1h73033.png?x-oss-process=image/resize,m_fill,w_520,h_390,limit_0/auto-orient,1/sharpen,100",【02-04月】习作,平面-海报,1.3w Populary,34 Comments,573 Recommended
"https://img.zcool.cn//community/special_cover/a0b36256aab40002d71db5111a80.jpg?x-oss-process=image/resize,m_fill,w_260,h_195,limit_0/auto-orient,1/sharpen,100",「即时，由你定义」即时设计LOGO创意延展大赛,大赛-设计大赛,共26.1w人气,共457参与,共346作品
"https://img.zcool.cn/community/031exyutrspuyjidmdvahmo3233.png?x-oss-process=image/resize,m_fill,w_520,h_390,limit_0/auto-orient,1/sharpen,100",肯纳设计：大唐贡茶璞仕酒店,空间-酒店餐饮设计,6740 Populary,9 Comments,141 Recommended
"https://img.zcool.cn/community/031xxan1fiopo7twjeso6xc3334.png?x-oss-process=image/resize,m_fill,w_520,h_390,limit_0/auto-orient,1/sharpen,100",【如意龙粽】自然造物,工业/产品-其他工业/产品,1.1w Populary,49 Comments,256 Recommended
"https://img.zcool.cn/community/031h5azbpwav4bg4meltlg93830.png?x-oss-process=image/resize,m_fill,w_520,h_390,limit_0/auto-orient,1/sharpen,100",绝色南疆 | 这是苍穹向帕米尔高原画下的一抹碧蓝,影视-短片,7726 Populary,21 Comments,207 Recommended
"https://img.zcool.cn/community/0319u46pxdbir04aeccand73837.png?x-oss-process=image/resize,m_fill,w_520,h_390,limit_0/auto-orient,1/sharpen,100",个人毕设-公益宣传片《将来》,三维-动画/影视,1.1w Populary,64 Comments,550 Recommended
https://image.gogoup.com/20220419/1650363321740.png,,-,,,
"https://img.zcool.cn/community/031a4p65giqkucgs76qhfoa3439.png?x-oss-process=image/resize,m_fill,w_520,h_390,limit_0/auto-orient,1/sharpen,100",《“金鳳玉露体”字库延展应用——语花糖包装设计》,平面-字体/字形,7623 Populary,11 Comments,265 Recommended
"https://img.zcool.cn/community/031thxhkuq4c3l00crpyy8e3836.png?x-oss-process=image/resize,m_fill,w_520,h_390,limit_0/auto-orient,1/sharpen,100",朴食有方|谷物膳食品牌包装设计-西安席设计,平面-品牌,2.0w Populary,67 Comments,625 Recommended
"https://img.zcool.cn/community/031j79k06mr5evkgb8aho9n3235.png?x-oss-process=image/resize,m_fill,w_520,h_390,limit_0/auto-orient,1/sharpen,100",Velocity,影视-短片,9702 Populary,55 Comments,426 Recommended
"https://img.zcool.cn/community/031fihwwdeixyk1ha8hhlm03639.png?x-oss-process=image/resize,m_fill,w_520,h_390,limit_0/auto-orient,1/sharpen,100",醒狮原小拓IP形象设计,平面-IP形象,1.3w Populary,44 Comments,600 Recommended
"https://img.zcool.cn/community/0316azynlh0dtsklwchssea3836.png?x-oss-process=image/resize,m_fill,w_520,h_390,limit_0/auto-orient,1/sharpen,100",FOOKA芙卡牛轧糖 | 品牌包装全案,平面-品牌,1.8w Populary,176 Comments,605 Recommended
"https://img.zcool.cn/community/031myqapnph0alow1ivl5qs3635.png?x-oss-process=image/resize,m_fill,w_520,h_390,limit_0/auto-orient,1/sharpen,100",无界·清境,UI-其他UI  ,2.3w Populary,40 Comments,559 Recommended
"https://img.zcool.cn/community/018a4f625d945a0002c4212ca6a74b.jpg?x-oss-process=image/resize,m_fill,w_520,h_390,limit_0/auto-orient,1/sharpen,100",IQOO x 站酷「ip虚拟形象设计 」,平面-IP形象,1.0w Populary,56 Comments,536 Recommended
"https://img.zcool.cn/community/031i4reluri0yiivak1ppho3539.png?x-oss-process=image/resize,m_fill,w_520,h_390,limit_0/auto-orient,1/sharpen,100",HOOOLY |  Daily  字 typography 体,平面-字体/字形,9902 Populary,15 Comments,413 Recommended
"https://img.zcool.cn/community/031rqrjoycqyi6uv7whphb13330.png?x-oss-process=image/resize,m_fill,w_520,h_390,limit_0/auto-orient,1/sharpen,100",小养时间到，新期天软糖 | 蜗牛快消创意,平面-品牌,1.6w Populary,52 Comments,441 Recommended
"https://img.zcool.cn/community/031pbwb02elw5pbvnhfstxf3334.png?x-oss-process=image/resize,m_fill,w_520,h_390,limit_0/auto-orient,1/sharpen,100",X3 男士剃须刀 详情页全案 国潮风 渲染建模,网页-电商,1.1w Populary,50 Comments,289 Recommended
"https://img.zcool.cn/community/0314vfgf6mxweiwfuh9ga1r3733.png?x-oss-process=image/resize,m_fill,w_520,h_390,limit_0/auto-orient,1/sharpen,100",TEB三耳兔-元宇宙-系列创作,平面-IP形象,8036 Populary,20 Comments,346 Recommended
"https://img.zcool.cn/community/0138aa625d6dc80002c3290fc60b0b.jpg?x-oss-process=image/resize,m_fill,w_520,h_390,limit_0/auto-orient,1/sharpen,100",iQOO×站酷 Q蒂娜IP虚拟形象设计,平面-IP形象,1.0w Populary,78 Comments,452 Recommended
"https://img.zcool.cn/community/031gqy08mu34xrhgy46ji3c3138.png?x-oss-process=image/resize,m_fill,w_520,h_390,limit_0/auto-orient,1/sharpen,100",IQOO虚拟形象设计,插画-概念设定,3.0w Populary,208 Comments,1338 Recommended
"https://img.zcool.cn/community/031ep0l2kngfkphkg1oy0k03832.png?x-oss-process=image/resize,m_fill,w_520,h_390,limit_0/auto-orient,1/sharpen,100",2022 盛时粽茶端午礼x寻味粽华系列丨鲤遇&膳佳家居,工业/产品-生活用品,3.3w Populary,24 Comments,369 Recommended
"https://img.zcool.cn/community/031j3bdc6scwobq301y2dck3038.png?x-oss-process=image/resize,m_fill,w_520,h_390,limit_0/auto-orient,1/sharpen,100", iF获奖作品盘点：普通民艺遭遇不普通设计,工业/产品-生活用品,8070 Populary,14 Comments,162 Recommended
"https://img.zcool.cn/community/031tk2srauwwrxsj1wo4ibs3236.png?x-oss-process=image/resize,m_fill,w_520,h_390,limit_0/auto-orient,1/sharpen,100",RedmiMAX 100&#39;&#39;巨屏电视,三维-动画/影视,6735 Populary,9 Comments,116 Recommended
"https://img.zcool.cn/community/031hpuzyynhpv0ackcpj7nu3337.png?x-oss-process=image/resize,m_fill,w_520,h_390,limit_0/auto-orient,1/sharpen,100",Freeee,摄影-人像摄影,7478 Populary,37 Comments,199 Recommended
"https://img.zcool.cn/community/031wraucjtvzxso1usi9teh3638.png?x-oss-process=image/resize,m_fill,w_520,h_390,limit_0/auto-orient,1/sharpen,100",汤臣杰逊X翼眠｜品牌超级体系,网页-电商,2.2w Populary,74 Comments,578 Recommended
"https://img.zcool.cn/community/031o5nvt143rlfcyyobjyou3831.png?x-oss-process=image/resize,m_fill,w_520,h_390,limit_0/auto-orient,1/sharpen,100",图标作品展示,UI-图标,1.3w Populary,39 Comments,584 Recommended
"https://img.zcool.cn/community/014be3625e446f0002c4212c7fc4e0.jpg?x-oss-process=image/resize,m_fill,w_520,h_390,limit_0/auto-orient,1/sharpen,100",2021案例作品分享,网页-电商,1.1w Populary,35 Comments,225 Recommended
"https://img.zcool.cn/community/031ocjdkojrtcjl7vjaq22h3432.png?x-oss-process=image/resize,m_fill,w_520,h_390,limit_0/auto-orient,1/sharpen,100",duolovemama 2022 ss /“duolove summer”夏感汽水!!!,摄影-人像摄影,5670 Populary,5 Comments,116 Recommended
"https://img.zcool.cn/community/031uj82pv5gnsc7hprt8ani3635.png?x-oss-process=image/resize,m_fill,w_520,h_390,limit_0/auto-orient,1/sharpen,100",《每天和每天不一样》系列第27辑,插画-绘本,7742 Populary,21 Comments,265 Recommended
"https://img.zcool.cn/community/031tnmwpgtulagt2wcuzomd3432.png?x-oss-process=image/resize,m_fill,w_520,h_390,limit_0/auto-orient,1/sharpen,100",藏梦 · 盛唐国风动画设计,动漫-动画片,6104 Populary,15 Comments,339 Recommended
"https://img.zcool.cn/community/0314xq7qfggo9djopxifob73531.png?x-oss-process=image/resize,m_fill,w_520,h_390,limit_0/auto-orient,1/sharpen,100",弦·商业律动设计,UI-软件界面,1.6w Populary,39 Comments,520 Recommended
"https://img.zcool.cn/community/031plcxex3fmdkfhefmurxz3333.png?x-oss-process=image/resize,m_fill,w_520,h_390,limit_0/auto-orient,1/sharpen,100",西游妖神录—十二元辰,插画-商业插画,6692 Populary,23 Comments,224 Recommended
"https://img.zcool.cn/community/031fjjq049qjxvspqbuz2cp3330.png?x-oss-process=image/resize,m_fill,w_520,h_390,limit_0/auto-orient,1/sharpen,100",【叁乔居】《王者荣耀》艾琳奇遇舞章,插画-商业插画,1.8w Populary,63 Comments,612 Recommended
"https://img.zcool.cn/community/031eadukb77rdlwqzgxhxxm3236.png?x-oss-process=image/resize,m_fill,w_520,h_390,limit_0/auto-orient,1/sharpen,100",快手运营设计中心 Visualdesign2021～2022设计年鉴  ,网页-运营设计,7901 Populary,42 Comments,517 Recommended
"https://img.zcool.cn//community/special_cover/a5e06216fb0d11013536819b5ea8.jpg?x-oss-process=image/resize,m_fill,w_260,h_195,limit_0/auto-orient,1/sharpen,100",「探无止境」iQOO虚拟形象创作大赛,大赛-设计大赛,共73.6w人气,共641参与,共545作品
"https://img.zcool.cn/community/031wwvotqljd30vzefmlkwh3837.png?x-oss-process=image/resize,m_fill,w_520,h_390,limit_0/auto-orient,1/sharpen,100",上新丨《你最出粽》端午礼盒,平面-包装,2.0w Populary,56 Comments,540 Recommended
"https://img.zcool.cn/community/031gpnboyx7depmxroh3w7u3934.png?x-oss-process=image/resize,m_fill,w_520,h_390,limit_0/auto-orient,1/sharpen,100",Traveler Kitchen-秘密旅行西餐厅品牌IP视觉设计升级,平面-IP形象,1.1w Populary,54 Comments,573 Recommended
"https://img.zcool.cn/community/031yrm2nouew6r6jg3mqh5a3538.png?x-oss-process=image/resize,m_fill,w_520,h_390,limit_0/auto-orient,1/sharpen,100",潘达拉,平面-IP形象,8168 Populary,33 Comments,304 Recommended
"https://img.zcool.cn/community/031cpjgewobpjcpxgqqhftw3538.png?x-oss-process=image/resize,m_fill,w_520,h_390,limit_0/auto-orient,1/sharpen,100",《乡村爱情14》视觉方案,平面-宣传物料,1.4w Populary,24 Comments,382 Recommended
"https://img.zcool.cn/community/010b93625d3b660002c3290f4bf3ef.jpg?x-oss-process=image/resize,m_fill,w_520,h_390,limit_0/auto-orient,1/sharpen,100",wish希冀【动物摄影师何某某个人作品32】,摄影-宠物摄影,1.6w Populary,67 Comments,531 Recommended
"https://img.zcool.cn/community/031fra8olopnvlrvp5jyfiv3631.png?x-oss-process=image/resize,m_fill,w_520,h_390,limit_0/auto-orient,1/sharpen,100",-山.丘-,摄影-风光摄影,5820 Populary,40 Comments,240 Recommended
"https://img.zcool.cn/community/031htbnbh1wkdqa5ns3vaoo3837.png?x-oss-process=image/resize,m_fill,w_520,h_390,limit_0/auto-orient,1/sharpen,100",凌晨3点，QQ空间的“被挡访客”让我彻夜失眠,动漫-短篇/格漫,3.2w Populary,239 Comments,936 Recommended
"https://img.zcool.cn/community/031ioi2zomngaagvktblg1j3836.png?x-oss-process=image/resize,m_fill,w_520,h_390,limit_0/auto-orient,1/sharpen,100",深圳枭瞳参与制作《曙光英雄》新解禁10p,插画-游戏原画,1.0w Populary,14 Comments,264 Recommended
"https://img.zcool.cn/community/01fc2d625d1d8c0002c4212c6d24b9.jpg?x-oss-process=image/resize,m_fill,w_520,h_390,limit_0/auto-orient,1/sharpen,100",【漫画】那年 · 那人· 那事 / 喂猪,动漫-中/长篇漫画,1.4w Populary,72 Comments,575 Recommended
"https://img.zcool.cn/community/0130c6625d1bd00002c4212c986e01.jpg?x-oss-process=image/resize,m_fill,w_520,h_390,limit_0/auto-orient,1/sharpen,100",近期几套作品,空间-商业空间设计,1.0w Populary,21 Comments,352 Recommended
"https://img.zcool.cn/community/031j2l5k1tcdaugkrblunt43238.png?x-oss-process=image/resize,m_fill,w_520,h_390,limit_0/auto-orient,1/sharpen,100",更新一些壁纸和个人的一些尝试,插画-创作习作,1.3w Populary,35 Comments,751 Recommended
"https://img.zcool.cn/community/0316zbr6a4y8ovtivfdibfr3730.png?x-oss-process=image/resize,m_fill,w_520,h_390,limit_0/auto-orient,1/sharpen,100",吃药时间到,动漫-短篇/格漫,1.6w Populary,64 Comments,547 Recommended
"https://img.zcool.cn/community/031reliphtdmuqdt4egalgj3735.png?x-oss-process=image/resize,m_fill,w_520,h_390,limit_0/auto-orient,1/sharpen,100",有光 SPARK 咖啡品牌设计,平面-品牌,1.4w Populary,25 Comments,375 Recommended
"https://img.zcool.cn/community/031wqkc5prx8b3sorwljka23635.png?x-oss-process=image/resize,m_fill,w_520,h_390,limit_0/auto-orient,1/sharpen,100",个人脑洞漫画合集 | 第4期,动漫-短篇/格漫,1.6w Populary,112 Comments,1368 Recommended
"https://img.zcool.cn/community/031vd98ryskmkamit4io1qf3634.png?x-oss-process=image/resize,m_fill,w_520,h_390,limit_0/auto-orient,1/sharpen,100",PUBGM四周年玩家故事先导片,影视-宣传片,5040 Populary,16 Comments,96 Recommended
"https://img.zcool.cn//community/special_cover/056f623528840002d73f109c4f29.jpg?x-oss-process=image/resize,m_fill,w_260,h_195,limit_0/auto-orient,1/sharpen,100",「一起话未来」北京越野概念车设计大赛,大赛-设计大赛,共79.6w人气,共874参与,共710作品
"https://img.zcool.cn/community/031onbodo9ualeqr5r5zrcb3634.png?x-oss-process=image/resize,m_fill,w_520,h_390,limit_0/auto-orient,1/sharpen,100",nim鬼知道什么公司/字母扮装/LOGO/标志设计,平面-品牌,1.8w Populary,106 Comments,582 Recommended
"https://img.zcool.cn/community/031l2fdoo7yj2g0rtr9thjx3735.png?x-oss-process=image/resize,m_fill,w_520,h_390,limit_0/auto-orient,1/sharpen,100",IQOO X 站酷IP设计【Q型探索者】,平面-IP形象,4939 Populary,31 Comments,182 Recommended
"https://img.zcool.cn/community/031b7856259967b0002c3290fa1e1c1.jpg?x-oss-process=image/resize,m_fill,w_520,h_390,limit_0/auto-orient,1/sharpen,100",“在你的星球做最可爱的宇航员”,摄影-人像摄影,9245 Populary,47 Comments,325 Recommended
"https://img.zcool.cn/community/031wi2v1f61qcujkyirtay43530.png?x-oss-process=image/resize,m_fill,w_520,h_390,limit_0/auto-orient,1/sharpen,100",如果有两个太阳，一个代表光明， 一个代表希望,摄影-人文/纪实摄影,8672 Populary,16 Comments,211 Recommended
"https://img.zcool.cn/community/031kfbdatiy55vmoyictdyy3934.png?x-oss-process=image/resize,m_fill,w_520,h_390,limit_0/auto-orient,1/sharpen,100",天神花园,摄影-风光摄影,5971 Populary,8 Comments,180 Recommended
"https://img.zcool.cn/community/031krel3dtoy4aot0ezmmyh3838.png?x-oss-process=image/resize,m_fill,w_520,h_390,limit_0/auto-orient,1/sharpen,100",【对玩APP】2021~2022 设计回顾,UI-软件界面,8437 Populary,22 Comments,205 Recommended
"https://img.zcool.cn/community/031f558625cd6aa0002c4212c59931b.jpg?x-oss-process=image/resize,m_fill,w_520,h_390,limit_0/auto-orient,1/sharpen,100",近期作品。,空间-家装设计,7508 Populary,11 Comments,125 Recommended
"https://img.zcool.cn/community/031fxtp958argu3taunnljq3437.png?x-oss-process=image/resize,m_fill,w_520,h_390,limit_0/auto-orient,1/sharpen,100",感官X系列,三维-其他三维,8354 Populary,71 Comments,371 Recommended
"https://img.zcool.cn/community/031womppxefgwglk2rqehg53239.png?x-oss-process=image/resize,m_fill,w_520,h_390,limit_0/auto-orient,1/sharpen,100",藏地西行,摄影-风光摄影,7252 Populary,35 Comments,427 Recommended
"https://img.zcool.cn/community/03114f4625a91800002c3290f0e50dc.jpg?x-oss-process=image/resize,m_fill,w_520,h_390,limit_0/auto-orient,1/sharpen,100",近期作品《合集》,空间-家装设计,6701 Populary,18 Comments,142 Recommended
"https://img.zcool.cn/community/031n7a85f4qln7kchfl4x6h3337.png?x-oss-process=image/resize,m_fill,w_520,h_390,limit_0/auto-orient,1/sharpen,100",企业官网合集#21#,网页-企业官网,1.3w Populary,15 Comments,267 Recommended
"https://img.zcool.cn/community/031aisf6mnmqkmtnjjhlnbb3433.png?x-oss-process=image/resize,m_fill,w_520,h_390,limit_0/auto-orient,1/sharpen,100",iQOO Neo6 ,三维-产品,9040 Populary,10 Comments,266 Recommended
"https://img.zcool.cn/community/0314141exnxrrli8pmmkmlm3832.png?x-oss-process=image/resize,m_fill,w_520,h_390,limit_0/auto-orient,1/sharpen,100",NIO OS Aspen 3.0 New UI&UX 介绍,观点-UI,8760 Populary,33 Comments,311 Recommended
"https://img.zcool.cn/community/031ncj9nmjlxn4kzsh3wuno3732.png?x-oss-process=image/resize,m_fill,w_520,h_390,limit_0/auto-orient,1/sharpen,100",跨文化创作，藏着无限可能,观点-平面,6819 Populary,5 Comments,102 Recommended
"https://img.zcool.cn/community/031fhulhqaktqmvn8ixr1am3639.png?x-oss-process=image/resize,m_fill,w_520,h_390,limit_0/auto-orient,1/sharpen,100",The Spiritua Eyes on the Canvas / 畫布上的靈眼,平面-书籍/画册,7055 Populary,14 Comments,172 Recommended
"https://img.zcool.cn/community/031svsx4xicr2cdqebuhod43738.png?x-oss-process=image/resize,m_fill,w_520,h_390,limit_0/auto-orient,1/sharpen,100",书法字体设计｜第179回,平面-字体/字形,5256 Populary,16 Comments,177 Recommended
"https://img.zcool.cn/community/031j6kmfrxu0mmsgibeoj8f3533.png?x-oss-process=image/resize,m_fill,w_520,h_390,limit_0/auto-orient,1/sharpen,100",建银(亚洲)-股票交易APP,UI-APP界面,1.7w Populary,55 Comments,455 Recommended
"https://img.zcool.cn/community/031uk2mcdpw4xhvifchp6nd3434.png?x-oss-process=image/resize,m_fill,w_520,h_390,limit_0/auto-orient,1/sharpen,100",Graphics2,平面-图案,1.3w Populary,16 Comments,467 Recommended
"https://img.zcool.cn/community/031ry8hdqjeezb4gtty9jsw3131.png?x-oss-process=image/resize,m_fill,w_520,h_390,limit_0/auto-orient,1/sharpen,100",Full Moon 满月茶礼,平面-包装,1.4w Populary,18 Comments,644 Recommended
"https://img.zcool.cn/community/031mc7vibeozilxfihiusoj3135.png?x-oss-process=image/resize,m_fill,w_520,h_390,limit_0/auto-orient,1/sharpen,100",上新丨端午，赴一场清平的夏日之约,平面-包装,1.6w Populary,42 Comments,458 Recommended
"https://img.zcool.cn/community/031hx2c7oehpraakwxbdmv73237.png?x-oss-process=image/resize,m_fill,w_520,h_390,limit_0/auto-orient,1/sharpen,100",所喜作品：阿吉生煎品牌形象设计,平面-品牌,2.0w Populary,33 Comments,936 Recommended
"https://img.zcool.cn/community/031qhhnqrwgvgos3ljsb6kp3131.png?x-oss-process=image/resize,m_fill,w_520,h_390,limit_0/auto-orient,1/sharpen,100",大兜LOGO字体设计,平面-字体/字形,1.4w Populary,26 Comments,409 Recommended
"https://img.zcool.cn/community/031c5iqfjzhua97osxlvhvs3232.png?x-oss-process=image/resize,m_fill,w_520,h_390,limit_0/auto-orient,1/sharpen,100",小鹿熊和他的朋友3,动漫-网络表情,7468 Populary,21 Comments,182 Recommended
"https://img.zcool.cn/community/0314moxfkljdfdl5fritilu3639.png?x-oss-process=image/resize,m_fill,w_520,h_390,limit_0/auto-orient,1/sharpen,100",第三届站酷奖评审特别奖-云沏智能茶杯,工业/产品-生活用品,1.0w Populary,27 Comments,146 Recommended
"https://img.zcool.cn/community/031vb5yn6bjnn0lt8rihygu3430.png?x-oss-process=image/resize,m_fill,w_520,h_390,limit_0/auto-orient,1/sharpen,100",【POPIC】她踏歌而来，以舞献世,三维-动画/影视,2.0w Populary,87 Comments,579 Recommended
"https://img.zcool.cn/community/031lun6khijtqhy27xq9lyf3134.png?x-oss-process=image/resize,m_fill,w_520,h_390,limit_0/auto-orient,1/sharpen,100",iQOO NEO6 功能视频,三维-动画/影视,9337 Populary,15 Comments,209 Recommended
"https://img.zcool.cn/community/031onlso2egefstlv0vma1r3539.png?x-oss-process=image/resize,m_fill,w_520,h_390,limit_0/auto-orient,1/sharpen,100",【毕业设计】个人制作国风短片《烟雨行舟》,三维-动画/影视,2.0w Populary,100 Comments,1249 Recommended
"https://img.zcool.cn/community/031rsz0ewsms5pi8ozdnu3r3939.png?x-oss-process=image/resize,m_fill,w_520,h_390,limit_0/auto-orient,1/sharpen,100",南充·未来者国际幼儿园 / 于宇宙之舱，展鸿鹄之志,空间-建筑设计,1.0w Populary,19 Comments,243 Recommended
"https://img.zcool.cn/community/031fxmunqy3shjrnaaaihsl3235.png?x-oss-process=image/resize,m_fill,w_520,h_390,limit_0/auto-orient,1/sharpen,100",realme×moge.tv | Band2,三维-产品,6071 Populary,10 Comments,181 Recommended
"https://img.zcool.cn/community/01e93e625923210002c3290fa3a8ec.jpg?x-oss-process=image/resize,m_fill,w_520,h_390,limit_0/auto-orient,1/sharpen,100",网恋需谨慎，一招辨“真假”,动漫-短篇/格漫,3.1w Populary,146 Comments,669 Recommended
"https://img.zcool.cn/community/031hucoz3itvyamopsfiblr3331.png?x-oss-process=image/resize,m_fill,w_520,h_390,limit_0/auto-orient,1/sharpen,100",「 我居青空里 」字形海报,平面-字体/字形,8086 Populary,22 Comments,283 Recommended
"https://img.zcool.cn/community/031bjhhktqtu6w7h3mib00b3739.png?x-oss-process=image/resize,m_fill,w_520,h_390,limit_0/auto-orient,1/sharpen,100",TRACE精酿啤酒品牌全案设计,平面-品牌,1.9w Populary,150 Comments,712 Recommended
"https://img.zcool.cn/community/019e9262590af00002c4212c7ccb48.jpg?x-oss-process=image/resize,m_fill,w_520,h_390,limit_0/auto-orient,1/sharpen,100",呜嘟㖿哗（一）,插画-商业插画,1.5w Populary,30 Comments,908 Recommended
"https://img.zcool.cn/community/031qwz0yzaahppgcegmkcxx3639.png?x-oss-process=image/resize,m_fill,w_520,h_390,limit_0/auto-orient,1/sharpen,100",【DDL Coffee】咖啡品牌设计,平面-品牌,1.5w Populary,85 Comments,522 Recommended
"https://img.zcool.cn/community/031cbtq1gs5dkvbynqyy7793935.png?x-oss-process=image/resize,m_fill,w_520,h_390,limit_0/auto-orient,1/sharpen,100",白墨研字|黄陵野鹤-百家姓书法头像字体实验|前20大姓,平面-字体/字形,7106 Populary,23 Comments,154 Recommended
"https://img.zcool.cn/community/031ymjv0r4q63w6djic6jrt3138.png?x-oss-process=image/resize,m_fill,w_520,h_390,limit_0/auto-orient,1/sharpen,100",LxU × 工银信用卡 × 中国银联 | 续写属于我们的传说,影视-短片,6716 Populary,24 Comments,334 Recommended
"https://img.zcool.cn/community/031icou7rz3xp6rkt3uemb63839.png?x-oss-process=image/resize,m_fill,w_520,h_390,limit_0/auto-orient,1/sharpen,100",荣威·鲸,插画-商业插画,2.0w Populary,95 Comments,1496 Recommended
"https://img.zcool.cn/community/031pwv8uk5ckyf2vbm2mlbp3835.png?x-oss-process=image/resize,m_fill,w_520,h_390,limit_0/auto-orient,1/sharpen,100",【新鲜动物园】小动物们去徒步旅行，累了想休息一下,动漫-动画片,1.0w Populary,34 Comments,190 Recommended
"https://img.zcool.cn/community/031xg3infgqhytjmovashu63833.png?x-oss-process=image/resize,m_fill,w_520,h_390,limit_0/auto-orient,1/sharpen,100",Man without Bond,摄影-人文/纪实摄影,4693 Populary,11 Comments,175 Recommended
"https://img.zcool.cn/community/0317mqgmqujbpe2tldiajg43537.png?x-oss-process=image/resize,m_fill,w_520,h_390,limit_0/auto-orient,1/sharpen,100",猫梳子-小青芒二合一梳,工业/产品-生活用品,1.0w Populary,30 Comments,113 Recommended
"https://img.zcool.cn/community/0110716258d5420002c3290fe0060b.jpg?x-oss-process=image/resize,m_fill,w_520,h_390,limit_0/auto-orient,1/sharpen,100",漫画/  这只笔送给18岁的你,动漫-中/长篇漫画,8698 Populary,27 Comments,318 Recommended
"https://img.zcool.cn/community/01cb566258d43b0002c4212ccf4b81.jpg?x-oss-process=image/resize,m_fill,w_520,h_390,limit_0/auto-orient,1/sharpen,100",原创 | 【SKYI!】,插画-创作习作,4009 Populary,28 Comments,264 Recommended
"https://img.zcool.cn/community/031siqv9ymesgxmiuwiy68b3230.png?x-oss-process=image/resize,m_fill,w_520,h_390,limit_0/auto-orient,1/sharpen,100",70+品牌和设计师脑洞大开，这波联名海报太赞了！,资讯-多领域,1.6w Populary,7 Comments,275 Recommended
"https://img.zcool.cn/community/031msjgxevdiyeprkwdq74j3233.png?x-oss-process=image/resize,m_fill,w_520,h_390,limit_0/auto-orient,1/sharpen,100",设计遇到瓶颈，都该听听这八位设计师的对话！,资讯-多领域,1.6w Populary,13 Comments,245 Recommended
"https://img.zcool.cn/community/031tsrdd47do2fjld1h2ym63130.png?x-oss-process=image/resize,m_fill,w_520,h_390,limit_0/auto-orient,1/sharpen,100",瀚书十七,平面-书籍/画册,6657 Populary,10 Comments,147 Recommended
"https://img.zcool.cn/community/0312q4vyqkmmdh1pg8qumy63138.png?x-oss-process=image/resize,m_fill,w_520,h_390,limit_0/auto-orient,1/sharpen,100",《荣耀全明星》代言人游戏KV,平面-海报,8349 Populary,28 Comments,156 Recommended
"https://img.zcool.cn/community/031sfoxddj5oi8myrjog0bg3734.png?x-oss-process=image/resize,m_fill,w_520,h_390,limit_0/auto-orient,1/sharpen,100",NINETON×2021年个人作品总结,UI-APP界面,2.0w Populary,97 Comments,523 Recommended
"https://img.zcool.cn/community/031ynkstj4hd8qqn9pnf5g23935.png?x-oss-process=image/resize,m_fill,w_520,h_390,limit_0/auto-orient,1/sharpen,100",卡昂2021-2022作品总结,插画-商业插画,1.4w Populary,30 Comments,760 Recommended
"https://img.zcool.cn/community/011e9f6257ec3d0002c4212cea7899.jpg?x-oss-process=image/resize,m_fill,w_520,h_390,limit_0/auto-orient,1/sharpen,100",非人哉787-788,动漫-短篇/格漫,1.6w Populary,75 Comments,395 Recommended
"https://img.zcool.cn/community/0314qsfini2gvjej5rgouru3731.png?x-oss-process=image/resize,m_fill,w_520,h_390,limit_0/auto-orient,1/sharpen,100",吉猫太饱（闲蛋猫）虎年大桔,平面-IP形象,9798 Populary,26 Comments,600 Recommended
"https://img.zcool.cn/community/0315fj8p98ajfgq8hvfxeyk3639.png?x-oss-process=image/resize,m_fill,w_520,h_390,limit_0/auto-orient,1/sharpen,100",字 体 设 计 ,平面-字体/字形,7706 Populary,54 Comments,204 Recommended
"https://img.zcool.cn/community/031k4vw5uxhh1kihfgbtjxw3235.png?x-oss-process=image/resize,m_fill,w_520,h_390,limit_0/auto-orient,1/sharpen,100",|汉仪俊楷|,平面-字体/字形,8255 Populary,33 Comments,315 Recommended
"https://img.zcool.cn/community/031ellpdxi4unxkwv6lfqsc3131.png?x-oss-process=image/resize,m_fill,w_520,h_390,limit_0/auto-orient,1/sharpen,100",【包馔夜包子】品牌视觉IP升级｜万物天泽案例,平面-IP形象,2.0w Populary,114 Comments,593 Recommended
"https://img.zcool.cn/community/031vlwhwj2byh2ygnvu7cjv3231.png?x-oss-process=image/resize,m_fill,w_520,h_390,limit_0/auto-orient,1/sharpen,100",RAINBOW BOBO CUP__一杯双饮，元气满满！,工业/产品-生活用品,7280 Populary,22 Comments,146 Recommended
"https://img.zcool.cn/community/031rfioty5opg0jkxjkzs6g3639.png?x-oss-process=image/resize,m_fill,w_520,h_390,limit_0/auto-orient,1/sharpen,100",2021详情页全案作品,网页-电商,3.1w Populary,57 Comments,845 Recommended
"https://img.zcool.cn/community/031shrmro1rts41zlkgld4p3837.png?x-oss-process=image/resize,m_fill,w_520,h_390,limit_0/auto-orient,1/sharpen,100",美好不是只能靠肉眼去记录，我用航拍发现更美的天地,摄影-风光摄影,1.5w Populary,36 Comments,547 Recommended
"https://img.zcool.cn/community/031jdlm6cwxa7agj04ttnw33735.png?x-oss-process=image/resize,m_fill,w_520,h_390,limit_0/auto-orient,1/sharpen,100",曾亦心 插画合集 | Yixin Illustrations Collection,插画-艺术插画,2.0w Populary,27 Comments,971 Recommended
"https://img.zcool.cn/community/031dnbirw3wremodvk4erjh3738.png?x-oss-process=image/resize,m_fill,w_520,h_390,limit_0/auto-orient,1/sharpen,100",创意宠物牵引器丨PET TRACTION ROPE,工业/产品-生活用品,9282 Populary,21 Comments,142 Recommended
"https://img.zcool.cn/community/031abbvxby5hkbrbltn2gnp3335.png?x-oss-process=image/resize,m_fill,w_520,h_390,limit_0/auto-orient,1/sharpen,100",我叫站酷，请让我再做一次自我介绍,观点-其他,1.2w Populary,15 Comments,131 Recommended
"https://img.zcool.cn/community/031x7gwssy3w1et5pbkf5u33831.png?x-oss-process=image/resize,m_fill,w_520,h_390,limit_0/auto-orient,1/sharpen,100",DESHAM丨艺术玩具创作,三维-产品,1.2w Populary,44 Comments,686 Recommended
"https://img.zcool.cn/community/031s5o02qagpfaobxfjzmet3738.png?x-oss-process=image/resize,m_fill,w_520,h_390,limit_0/auto-orient,1/sharpen,100",QQ飞车虎年限定系列,三维-动画/影视,7342 Populary,10 Comments,161 Recommended
"https://img.zcool.cn/community/0315xjqsqiodfeaudk4aaaf3731.png?x-oss-process=image/resize,m_fill,w_520,h_390,limit_0/auto-orient,1/sharpen,100",「my CLARINS寻找天然好食肌」,平面-海报,3.5w Populary,119 Comments,1551 Recommended
"https://img.zcool.cn/community/031jiiwa5il8i9jrtdfjpbb3331.png?x-oss-process=image/resize,m_fill,w_520,h_390,limit_0/auto-orient,1/sharpen,100",妈妈的手工——兔小朵,平面-IP形象,9866 Populary,17 Comments,321 Recommended
"https://img.zcool.cn/community/031iuixfhrzkgl5eyqod31j3533.png?x-oss-process=image/resize,m_fill,w_520,h_390,limit_0/auto-orient,1/sharpen,100",数字人IP形象设计创意玩法,平面-IP形象,1.2w Populary,42 Comments,388 Recommended
"https://img.zcool.cn/community/01eeb9605ae0cd11013fb117f2231e.jpg?x-oss-process=image/resize,m_fill,w_260,h_195,limit_0/auto-orient,1/sharpen,100",包装（礼盒纸袋外包装等）,,共16内容,共269关注,
"https://img.zcool.cn/community/031w6qnehnpogmka7ojzbpx3736.png?x-oss-process=image/resize,m_fill,w_520,h_390,limit_0/auto-orient,1/sharpen,100",腾讯TSRC 2021端午节小礼品,平面-宣传物料,1.0w Populary,4 Comments,207 Recommended
"https://img.zcool.cn/community/031ncphaohm04r597lkyeik3933.png?x-oss-process=image/resize,m_fill,w_520,h_390,limit_0/auto-orient,1/sharpen,100",我被LFI选中的27张照片,摄影-人文/纪实摄影,9432 Populary,21 Comments,337 Recommended
"https://img.zcool.cn/community/0314t32npxwm5ugw5stnd173336.png?x-oss-process=image/resize,m_fill,w_520,h_390,limit_0/auto-orient,1/sharpen,100",翻翻书《揭秘红楼梦》,插画-儿童插画,1.0w Populary,38 Comments,608 Recommended
"https://img.zcool.cn/community/0311dujmxp9xcnbpskdrl8p3034.png?x-oss-process=image/resize,m_fill,w_520,h_390,limit_0/auto-orient,1/sharpen,100",* 一衣多穿企划｜CHAMBRE DE FAN,摄影-人像摄影,1.2w Populary,22 Comments,191 Recommended
"https://img.zcool.cn/community/031ddbuq3crrdmfedoo23hz3838.png?x-oss-process=image/resize,m_fill,w_520,h_390,limit_0/auto-orient,1/sharpen,100",「七年之痒」SEENVISION七周年回顾,影视-其他影视,9789 Populary,10 Comments,253 Recommended
"https://img.zcool.cn/community/031hzjr1j8rg3j3il45ntio3037.png?x-oss-process=image/resize,m_fill,w_520,h_390,limit_0/auto-orient,1/sharpen,100",野生设计，专业要向业余学习什么？,观点-其他,1.9w Populary,27 Comments,190 Recommended
"https://img.zcool.cn/community/0316ece625650af0002c4212c9e2ee6.jpg?x-oss-process=image/resize,m_fill,w_520,h_390,limit_0/auto-orient,1/sharpen,100",纯色下的狗狗,摄影-宠物摄影,1.2w Populary,23 Comments,210 Recommended
"https://img.zcool.cn/community/031prefkrq5tpq7xyb7lzl33831.png?x-oss-process=image/resize,m_fill,w_520,h_390,limit_0/auto-orient,1/sharpen,100",囍囍的羊毛毡 【寿司系列】,手工艺-其他手工艺,7288 Populary,15 Comments,210 Recommended
"https://img.zcool.cn/community/03143lqkhhmrioa896j9td73232.png?x-oss-process=image/resize,m_fill,w_520,h_390,limit_0/auto-orient,1/sharpen,100",数字信徒系列之二,三维-人物/生物,2.1w Populary,97 Comments,1606 Recommended
"https://img.zcool.cn/community/031i5ildweg0ga1hvev2bqf3237.png?x-oss-process=image/resize,m_fill,w_520,h_390,limit_0/auto-orient,1/sharpen,100",「即时·由你定义」欢迎来到我的设计世界,UI-主题/皮肤,1.4w Populary,125 Comments,671 Recommended
"https://img.zcool.cn/community/031v7vjh8hclqwjxvm0tx2e3534.png?x-oss-process=image/resize,m_fill,w_520,h_390,limit_0/auto-orient,1/sharpen,100",输出x4,网页-电商,1.8w Populary,28 Comments,303 Recommended
"https://img.zcool.cn/community/031armcigkh9wkou350jvbi3638.png?x-oss-process=image/resize,m_fill,w_520,h_390,limit_0/auto-orient,1/sharpen,100",线条是新开始,插画-商业插画,1.4w Populary,30 Comments,657 Recommended
"https://img.zcool.cn/community/031vtos8zlajalexwfoknnq3431.png?x-oss-process=image/resize,m_fill,w_520,h_390,limit_0/auto-orient,1/sharpen,100",YOOT TOY x 变相怪杰 / REBEL MASK,工业/产品-玩具,5730 Populary,10 Comments,216 Recommended
"https://img.zcool.cn/community/031sevufeoh89b7wgcvucpa3038.png?x-oss-process=image/resize,m_fill,w_520,h_390,limit_0/auto-orient,1/sharpen,100",摩尔庄园·奥飞联名,三维-动画/影视,7099 Populary,16 Comments,104 Recommended
"https://img.zcool.cn/community/03198sfyjsdhkey8lmjuatw3836.png?x-oss-process=image/resize,m_fill,w_520,h_390,limit_0/auto-orient,1/sharpen,100",≥9 大于等于九 | ABD案例,平面-品牌,1.9w Populary,40 Comments,649 Recommended
"https://img.zcool.cn/community/031dsw6nokouilh8vkhvx0m3530.png?x-oss-process=image/resize,m_fill,w_520,h_390,limit_0/auto-orient,1/sharpen,100",青城游,摄影-人像摄影,1.2w Populary,47 Comments,309 Recommended
"https://img.zcool.cn/community/031chh0bbebwufjy0kbgzye3738.png?x-oss-process=image/resize,m_fill,w_520,h_390,limit_0/auto-orient,1/sharpen,100",汤臣杰逊 X 植护 X 婴元素｜品牌新视觉作品分享,网页-电商,3.1w Populary,56 Comments,620 Recommended
"https://img.zcool.cn/community/031may6vum9pps0fno3ehk03733.png?x-oss-process=image/resize,m_fill,w_520,h_390,limit_0/auto-orient,1/sharpen,100",《中国日报》CHINA DAILY &吴和平Luo ,插画-商业插画,2.0w Populary,59 Comments,1003 Recommended
"https://img.zcool.cn/community/031giahvxeo5ss3om3noksl3035.png?x-oss-process=image/resize,m_fill,w_520,h_390,limit_0/auto-orient,1/sharpen,100",虎年形象设计——《王小喵MEO》,平面-IP形象,1.1w Populary,22 Comments,406 Recommended
"https://img.zcool.cn/community/0319cc9vcmpetuefdvckoif3235.png?x-oss-process=image/resize,m_fill,w_520,h_390,limit_0/auto-orient,1/sharpen,100",贰婶呀手写--手写字&奇趣插画【贰婶呀的拙趣艺术】,平面-字体/字形,3429 Populary,6 Comments,110 Recommended
"https://img.zcool.cn/community/031cpjadxw1nafchbtgf4qi3532.png?x-oss-process=image/resize,m_fill,w_520,h_390,limit_0/auto-orient,1/sharpen,100",绯可 O2丨fecaa episode two,平面-品牌,7023 Populary,7 Comments,178 Recommended
"https://img.zcool.cn/community/01838562415aaa0002c4212c1e6f47.jpg?x-oss-process=image/resize,m_fill,w_520,h_390,limit_0/auto-orient,1/sharpen,100",Chunli and Kingkong / 春丽和金刚,平面-品牌,8512 Populary,19 Comments,262 Recommended
"https://img.zcool.cn/community/031xfkmpmagtjcircsnahpw3931.png?x-oss-process=image/resize,m_fill,w_520,h_390,limit_0/auto-orient,1/sharpen,100",有礼｜2022站酷春日创作者大会收官！20余位大咖多年设计经验、创意方法都在这里了！,资讯-多领域,7087 Populary,4 Comments,68 Recommended
"https://img.zcool.cn/community/031k7mnciohx4qhp5t6mkll3238.png?x-oss-process=image/resize,m_fill,w_520,h_390,limit_0/auto-orient,1/sharpen,100",弥散光海报教程,教程-平面,2.8w Populary,62 Comments,1501 Recommended
"https://img.zcool.cn/community/031vodix1ktpkqinv2hf7nk3032.png?x-oss-process=image/resize,m_fill,w_520,h_390,limit_0/auto-orient,1/sharpen,100",《笨笨和他的朋友们》年度大总结,插画-商业插画,1.1w Populary,64 Comments,588 Recommended
"https://img.zcool.cn/community/0311tafnejs96sa1rypomch3433.png?x-oss-process=image/resize,m_fill,w_520,h_390,limit_0/auto-orient,1/sharpen,100",INCEPTION OF MUSIC ｜ 2021下半年设计周,插画-商业插画,9316 Populary,19 Comments,438 Recommended
"https://img.zcool.cn/community/031wgpoin3gro9qt5hajs4v3338.png?x-oss-process=image/resize,m_fill,w_520,h_390,limit_0/auto-orient,1/sharpen,100",UX文案3篇保姆级教程-创建篇,观点-多领域,5386 Populary,4 Comments,58 Recommended
"https://img.zcool.cn/community/031wo63si8ss4pd95qa1pjd3037.png?x-oss-process=image/resize,m_fill,w_520,h_390,limit_0/auto-orient,1/sharpen,100",ENJOYDESIGN 丨人在草木间,空间-商业空间设计,8265 Populary,2 Comments,114 Recommended
"https://img.zcool.cn/community/0147c0624551b90002c3290f533a7c.jpg?x-oss-process=image/resize,m_fill,w_520,h_390,limit_0/auto-orient,1/sharpen,100",遇见生活里的色彩,摄影-其他摄影,6331 Populary,7 Comments,259 Recommended
"https://img.zcool.cn/community/031i2fk5de9vjopy2e7ahpf3033.png?x-oss-process=image/resize,m_fill,w_520,h_390,limit_0/auto-orient,1/sharpen,100",蛮牛大爷36:为什么越来越多人进体制,影视-Motion Graphic,1.4w Populary,61 Comments,263 Recommended
"https://img.zcool.cn/community/031pudcggrhhsrmvudcnwvy3839.png?x-oss-process=image/resize,m_fill,w_520,h_390,limit_0/auto-orient,1/sharpen,100",福丸 x 山广 | 我与福丸 宠物品牌宣传片,摄影-宠物摄影,1.4w Populary,46 Comments,602 Recommended
"https://img.zcool.cn/community/031wyvnrsqzpxrhk9miw1dj3939.png?x-oss-process=image/resize,m_fill,w_520,h_390,limit_0/auto-orient,1/sharpen,100",Nodoff | 悖论Paradox系列 浓香水,摄影-产品摄影,6046 Populary,14 Comments,158 Recommended
"https://img.zcool.cn/community/01a4956254eb390002c3290f6de691.jpg?x-oss-process=image/resize,m_fill,w_520,h_390,limit_0/auto-orient,1/sharpen,100",iPad日绘365天挑战D326/365(0201-0318),插画-绘本,1.2w Populary,20 Comments,577 Recommended
"https://img.zcool.cn/community/031qhplj2rzv1eqajaxkbmt3631.png?x-oss-process=image/resize,m_fill,w_520,h_390,limit_0/auto-orient,1/sharpen,100",58UXD 2021-2022 设计年鉴,UI-软件界面,2.4w Populary,37 Comments,508 Recommended
"https://img.zcool.cn/community/0116b66254e6900002c3290f454595.jpg?x-oss-process=image/resize,m_fill,w_520,h_390,limit_0/auto-orient,1/sharpen,100",【gif小动画】2022第一季度.春季篇,插画-商业插画,1.0w Populary,28 Comments,630 Recommended
"https://img.zcool.cn/community/031ld3wjt2xc4wexhimih6k3033.png?x-oss-process=image/resize,m_fill,w_520,h_390,limit_0/auto-orient,1/sharpen,100",美丽的二十四节气- 之- 春篇,插画-绘本,9230 Populary,33 Comments,417 Recommended
"https://img.zcool.cn/community/031kphkgq6sfmgqybp1y9br3236.png?x-oss-process=image/resize,m_fill,w_520,h_390,limit_0/auto-orient,1/sharpen,100",科柔高端拖鞋品牌电商视觉升级全案,网页-电商,3.0w Populary,145 Comments,1139 Recommended
"https://img.zcool.cn/community/0314cbwvaymppfqwzbl77f23538.png?x-oss-process=image/resize,m_fill,w_520,h_390,limit_0/auto-orient,1/sharpen,100",用面具保护自我，挣脱名利枷锁,工业/产品-玩具,6739 Populary,21 Comments,265 Recommended
"https://img.zcool.cn/community/031wlrpt3ljc7rlontfs9233433.png?x-oss-process=image/resize,m_fill,w_520,h_390,limit_0/auto-orient,1/sharpen,100",焕彩新生｜Redmi 红米K40s 广告短片,三维-产品,6915 Populary,13 Comments,159 Recommended
"https://img.zcool.cn/community/031qhcegygbgrsncfkuw0ht3230.png?x-oss-process=image/resize,m_fill,w_520,h_390,limit_0/auto-orient,1/sharpen,100",「加减乘除 让创作发光」概念短片-2022.3月总结,影视-宣传片,1.5w Populary,46 Comments,558 Recommended
"https://img.zcool.cn/community/031oxlimdoyfwqeoovscw4d3039.png?x-oss-process=image/resize,m_fill,w_520,h_390,limit_0/auto-orient,1/sharpen,100",个人毕业设计国风短片 ——《山海之经》,三维-其他三维,1.7w Populary,114 Comments,1056 Recommended
"https://img.zcool.cn/community/031sm4n6wddqedreysznf3j3134.png?x-oss-process=image/resize,m_fill,w_520,h_390,limit_0/auto-orient,1/sharpen,100",Redmi K50广告KV,平面-海报,2.0w Populary,64 Comments,626 Recommended
"https://img.zcool.cn/community/01991c624eb4c40002c3290f1c7af6.jpg?x-oss-process=image/resize,m_fill,w_520,h_390,limit_0/auto-orient,1/sharpen,100",Work and Business,平面-Logo,2.0w Populary,157 Comments,987 Recommended
"https://img.zcool.cn/community/031k7vjpcwqriaw1wdwfz7r3839.png?x-oss-process=image/resize,m_fill,w_520,h_390,limit_0/auto-orient,1/sharpen,100",《神奇动物：邓布利多之谜》视觉设计,平面-海报,1.3w Populary,8 Comments,350 Recommended
"https://img.zcool.cn/community/031luqsymr6edqebsnmci6q3233.png?x-oss-process=image/resize,m_fill,w_520,h_390,limit_0/auto-orient,1/sharpen,100",2021部分游戏海报作品合集 # SANS三帅,平面-海报,1.6w Populary,37 Comments,403 Recommended
"https://img.zcool.cn/community/031vmop6s2ail3tiupt2kfh3637.png?x-oss-process=image/resize,m_fill,w_520,h_390,limit_0/auto-orient,1/sharpen,100",二三月的每日一画 | 合集,插画-创作习作,1.9w Populary,100 Comments,1347 Recommended
"https://img.zcool.cn/community/031ngzwpy5afxraq9ptvyk13538.png?x-oss-process=image/resize,m_fill,w_520,h_390,limit_0/auto-orient,1/sharpen,100",《织锦》04,插画-绘本,8382 Populary,23 Comments,474 Recommended
"https://img.zcool.cn/community/031asqu5vl1k5cqhd5zsxjo3934.png?x-oss-process=image/resize,m_fill,w_520,h_390,limit_0/auto-orient,1/sharpen,100",黑普鲜果轻酿气泡酒 | 品牌策略分享 ,网页-电商,9268 Populary,36 Comments,331 Recommended
"https://img.zcool.cn/community/031gbunal1nt172z2mfw6wq3834.png?x-oss-process=image/resize,m_fill,w_520,h_390,limit_0/auto-orient,1/sharpen,100",《王者荣耀》玉兔公主,插画-商业插画,2.7w Populary,58 Comments,817 Recommended
"https://img.zcool.cn/community/031iuzfr85lrm2m3y4bsmo63535.png?x-oss-process=image/resize,m_fill,w_520,h_390,limit_0/auto-orient,1/sharpen,100",Omigo-原创潮玩IP设计,平面-IP形象,1.8w Populary,59 Comments,571 Recommended
"https://img.zcool.cn/community/011f9c6253f0210002c3290fb6e712.jpg?x-oss-process=image/resize,m_fill,w_520,h_390,limit_0/auto-orient,1/sharpen,100",漫画《异变》,动漫-短篇/格漫,7072 Populary,19 Comments,272 Recommended
"https://img.zcool.cn/community/031vpubuq5qxy3bojs47crr3038.png?x-oss-process=image/resize,m_fill,w_520,h_390,limit_0/auto-orient,1/sharpen,100",与水 ｜ 西双版纳,摄影-人像摄影,6019 Populary,62 Comments,88 Recommended
"https://img.zcool.cn/community/031fgawygctonbbde2my0an3938.png?x-oss-process=image/resize,m_fill,w_520,h_390,limit_0/auto-orient,1/sharpen,100",五樱少女零感卫生巾 | 品牌包装全案,平面-品牌,1.3w Populary,202 Comments,472 Recommended
"https://img.zcool.cn/community/012e7762481a210002c4212c89ef8d.jpg?x-oss-process=image/resize,m_fill,w_520,h_390,limit_0/auto-orient,1/sharpen,100",《上新了故宫》视觉设计方案,影视-影视后期,1.3w Populary,9 Comments,281 Recommended
"https://img.zcool.cn/community/031xextvush0poipiqaiio23634.png?x-oss-process=image/resize,m_fill,w_520,h_390,limit_0/auto-orient,1/sharpen,100",详情页面整理,网页-电商,1.8w Populary,41 Comments,405 Recommended
"https://img.zcool.cn/community/01c8a06253c67b0002c4212cb6a6e7.jpg?x-oss-process=image/resize,m_fill,w_520,h_390,limit_0/auto-orient,1/sharpen,100",模特资料拍摄 ｜ 情绪肖像 ｜富士GFX50SII,摄影-人像摄影,1.2w Populary,46 Comments,239 Recommended
"https://img.zcool.cn/community/031elo7wcrpgjend86h0eyu3734.png?x-oss-process=image/resize,m_fill,w_520,h_390,limit_0/auto-orient,1/sharpen,100",林碎集【一】,插画-创作习作,1.1w Populary,42 Comments,603 Recommended
"https://img.zcool.cn/community/031hxxrgdy8hpjqlk88jbev3235.png?x-oss-process=image/resize,m_fill,w_520,h_390,limit_0/auto-orient,1/sharpen,100",狗狗的每一泡尿，都在诉说它的生活,动漫-中/长篇漫画,1.9w Populary,100 Comments,748 Recommended
"https://img.zcool.cn/community/031w20flahdwxrm5meqpwwp3131.png?x-oss-process=image/resize,m_fill,w_520,h_390,limit_0/auto-orient,1/sharpen,100",水木未来（北京）科技有限公司,网页-企业官网,1.4w Populary,12 Comments,271 Recommended
"https://img.zcool.cn/community/010fbc622e9ba311013e89532966d9.jpg?x-oss-process=image/resize,m_fill,w_520,h_390,limit_0/auto-orient,1/sharpen,100",那些大牌logo，都藏着哪些秘密？,教程-平面,2.1w Populary,37 Comments,774 Recommended
"https://img.zcool.cn/community/031s5mbst2xwcbio95zhw143334.png?x-oss-process=image/resize,m_fill,w_520,h_390,limit_0/auto-orient,1/sharpen,100",Keep 半年小记,UI-其他UI  ,2.5w Populary,93 Comments,665 Recommended
"https://img.zcool.cn/community/01f8ca625399400002c4212c1d6071.jpg?x-oss-process=image/resize,m_fill,w_520,h_390,limit_0/auto-orient,1/sharpen,100",画猫的1150天记录!,插画-艺术插画,1.3w Populary,33 Comments,403 Recommended
"https://img.zcool.cn/community/031tiolsieeo0t417gkabac3839.png?x-oss-process=image/resize,m_fill,w_520,h_390,limit_0/auto-orient,1/sharpen,100",虚拟服装设计,三维-其他三维,9447 Populary,45 Comments,279 Recommended
"https://img.zcool.cn/community/031sow4pmqdhwbqgkkgpcc83030.png?x-oss-process=image/resize,m_fill,w_520,h_390,limit_0/auto-orient,1/sharpen,100",【短篇】泥胡菜,动漫-短篇/格漫,1.4w Populary,37 Comments,697 Recommended
"https://img.zcool.cn/community/031qt39nreqwo3njwti4kdv3936.png?x-oss-process=image/resize,m_fill,w_520,h_390,limit_0/auto-orient,1/sharpen,100",《三体-古筝行动》绘制过程分享,插画-创作习作,1.1w Populary,54 Comments,305 Recommended
"https://img.zcool.cn/community/031iymmcfdcq22memito3jf3335.png?x-oss-process=image/resize,m_fill,w_520,h_390,limit_0/auto-orient,1/sharpen,100",一些现实与梦境：）,插画-创作习作,1.0w Populary,27 Comments,436 Recommended
"https://img.zcool.cn/community/0129ff625391730002c4212c25b7b5.jpg?x-oss-process=image/resize,m_fill,w_520,h_390,limit_0/auto-orient,1/sharpen,100",野狗富贵丨部分商业作品,插画-商业插画,5899 Populary,15 Comments,300 Recommended
"https://img.zcool.cn/community/011c61620e06b411013e8cd08ba5d5.jpg?x-oss-process=image/resize,m_fill,w_520,h_390,limit_0/auto-orient,1/sharpen,100",S3 I 漫步杯,工业/产品-生活用品,3.6w Populary,24 Comments,367 Recommended
"https://img.zcool.cn/community/031rb4wtyasuu47v7kqjng63039.png?x-oss-process=image/resize,m_fill,w_520,h_390,limit_0/auto-orient,1/sharpen,100",【英雄联盟手游】霸天对决KV,插画-商业插画,9739 Populary,53 Comments,270 Recommended
"https://img.zcool.cn/community/0313itls6ty4jlnnw9yliel3138.png?x-oss-process=image/resize,m_fill,w_520,h_390,limit_0/auto-orient,1/sharpen,100",作品小结｜Visual Side,UI-APP界面,1.9w Populary,71 Comments,435 Recommended
"https://img.zcool.cn/community/0317mzjgx4ci8bg54jiqjyt3533.png?x-oss-process=image/resize,m_fill,w_520,h_390,limit_0/auto-orient,1/sharpen,100",2020-21,UI-其他UI  ,2.1w Populary,178 Comments,867 Recommended
"https://img.zcool.cn/community/031gageakfc8fbffcylodow3234.png?x-oss-process=image/resize,m_fill,w_520,h_390,limit_0/auto-orient,1/sharpen,100",范小野日式烤肉丼饭餐饮品牌设计,平面-品牌,2.4w Populary,81 Comments,813 Recommended
"https://img.zcool.cn/community/031x2ey5odvrkw4bhcalnsk3538.png?x-oss-process=image/resize,m_fill,w_520,h_390,limit_0/auto-orient,1/sharpen,100",长空一画2019作品集,影视-影视后期,8887 Populary,36 Comments,244 Recommended
"https://img.zcool.cn/community/031fkx6s45q0hehjceajxek3136.png?x-oss-process=image/resize,m_fill,w_520,h_390,limit_0/auto-orient,1/sharpen,100",刘道华：品煨江南——五星级酒店中的餐饮设计新出发！,空间-酒店餐饮设计,7710 Populary,13 Comments,87 Recommended
"https://img.zcool.cn/community/031qcgcsi4tr0luyaxxqamr3734.png?x-oss-process=image/resize,m_fill,w_520,h_390,limit_0/auto-orient,1/sharpen,100",APPEAR 30W氮化镓快充头 10000mAh充电宝,工业/产品-电子产品,5246 Populary,12 Comments,79 Recommended
"https://img.zcool.cn/community/03127236250259e0002c4212c8391d4.jpg?x-oss-process=image/resize,m_fill,w_520,h_390,limit_0/auto-orient,1/sharpen,100",吞噬天宫,插画-商业插画,9711 Populary,34 Comments,387 Recommended
"https://img.zcool.cn/community/03162adtfouik3bmxqnjszo3334.png?x-oss-process=image/resize,m_fill,w_520,h_390,limit_0/auto-orient,1/sharpen,100",HMI汽车全设计流程复盘,教程-多领域,1.4w Populary,16 Comments,232 Recommended
"https://img.zcool.cn/community/031wqhgxr2ncwx0vdlxtsnl3131.png?x-oss-process=image/resize,m_fill,w_520,h_390,limit_0/auto-orient,1/sharpen,100",【冰雪英豪】强殖装甲-赛博冬奥,平面-IP形象,1.1w Populary,46 Comments,400 Recommended
"https://img.zcool.cn/community/031gy7fnyd1gm4bsqds6yle3839.png?x-oss-process=image/resize,m_fill,w_520,h_390,limit_0/auto-orient,1/sharpen,100",新艺联作品：电视剧《山河月明》,平面-海报,2.4w Populary,53 Comments,447 Recommended
"https://img.zcool.cn/community/031ajxzsbdpjhpdj944eocx3433.png?x-oss-process=image/resize,m_fill,w_520,h_390,limit_0/auto-orient,1/sharpen,100",亚速海往事,摄影-人文/纪实摄影,1.2w Populary,24 Comments,395 Recommended
"https://img.zcool.cn/community/0107e3624fe7660002c4212c3f434a.jpg?x-oss-process=image/resize,m_fill,w_520,h_390,limit_0/auto-orient,1/sharpen,100",特步:#天生虎胆#系列CNY,影视-宣传片,6460 Populary,5 Comments,47 Recommended
"https://img.zcool.cn/community/031ncs7fvluueymd7fnyrkl3036.png?x-oss-process=image/resize,m_fill,w_520,h_390,limit_0/auto-orient,1/sharpen,100",调和声色动静，缔造未来生活艺术的视觉演绎场,三维-场景,8762 Populary,16 Comments,187 Recommended
"https://img.zcool.cn/community/031oljge0b9tectlqg4gegh3131.png?x-oss-process=image/resize,m_fill,w_520,h_390,limit_0/auto-orient,1/sharpen,100",Redmi×moge.tv | Note11pro,三维-产品,1.2w Populary,20 Comments,298 Recommended
"https://img.zcool.cn/community/031dj2yzllcce111fsjvfru3132.png?x-oss-process=image/resize,m_fill,w_520,h_390,limit_0/auto-orient,1/sharpen,100",生命之源,插画-商业插画,8994 Populary,11 Comments,489 Recommended
"https://img.zcool.cn/community/01336e624e87670002c4212ca3679f.jpg?x-oss-process=image/resize,m_fill,w_520,h_390,limit_0/auto-orient,1/sharpen,100",字画自说《二十四节气》,平面-字体/字形,3.0w Populary,125 Comments,1058 Recommended
